adj_num,vb_num,n_num
8,5,14
0,0,2
0,0,2
1,0,1
11,2,13
3,2,6
0,0,1
0,0,1
2,1,5
2,0,3
3,0,3
0,0,0
5,2,5
8,3,10
1,0,1
1,0,1
13,8,32
7,4,20
2,0,2
1,0,1
9,3,19
2,1,9
8,1,6
1,1,2
3,1,1
0,0,1
2,0,3
18,7,33
1,0,2
15,4,14
0,0,1
1,0,0
5,1,8
1,0,0
1,1,3
1,0,3
1,1,1
0,1,1
22,4,38
1,0,3
7,1,19
2,1,2
0,0,2
3,0,3
4,3,5
3,0,4
25,17,43
6,1,17
5,2,9
3,0,1
35,14,65
1,0,1
0,1,1
6,4,19
1,1,2
10,3,16
2,0,5
1,0,0
2,1,5
1,1,0
7,3,12
4,1,1
1,0,1
5,3,8
8,5,21
1,0,3
28,7,57
1,0,2
0,0,2
4,0,3
1,0,2
1,0,2
2,0,3
2,0,6
0,0,0
12,3,29
2,2,6
1,0,0
4,2,6
1,0,1
1,1,4
3,2,7
0,0,2
3,1,8
1,0,0
1,0,1
0,1,2
1,0,2
5,2,7
6,3,9
1,0,2
2,0,4
1,0,2
7,2,8
1,0,2
15,1,13
3,1,6
1,0,1
2,1,5
31,10,47
0,0,1
1,1,1
7,0,13
1,1,1
23,6,39
8,3,18
0,0,2
0,0,2
3,4,10
6,2,7
6,3,14
0,0,1
0,0,2
0,0,1
1,0,5
11,3,12
1,0,4
1,1,5
0,0,2
0,1,1
1,0,6
9,3,17
2,0,2
0,0,2
1,0,4
1,0,0
5,0,1
0,0,1
2,0,2
2,1,14
5,2,10
14,7,32
0,0,1
4,0,4
1,0,2
3,0,0
6,2,7
22,9,46
2,0,6
3,2,5
6,1,4
22,11,39
0,1,3
17,1,19
0,0,3
25,5,46
11,3,8
0,0,3
1,0,0
23,12,52
2,0,2
3,2,8
2,0,4
3,2,2
1,0,0
4,3,5
1,0,2
8,7,19
10,2,11
57,22,125
10,5,17
0,0,5
49,23,90
2,1,1
2,0,1
4,0,4
5,2,10
2,1,7
2,3,9
2,2,9
7,0,10
0,0,1
2,1,9
1,0,2
0,0,2
2,1,5
2,0,6
1,0,1
6,1,20
1,0,3
4,0,9
3,0,0
0,1,2
25,10,43
11,5,17
4,2,6
2,0,5
0,0,3
1,1,2
2,0,4
3,0,2
17,8,27
6,0,7
8,2,19
5,0,8
1,0,0
0,0,1
3,0,3
2,1,2
2,3,4
2,0,4
1,0,1
0,0,1
1,1,6
2,1,4
1,4,6
10,2,8
3,5,16
2,2,8
0,0,2
6,1,11
6,1,17
0,1,6
1,2,7
1,0,0
22,3,39
5,1,9
3,1,6
7,2,10
1,0,0
10,6,23
7,0,9
2,0,4
2,0,3
0,0,2
0,0,1
5,3,12
10,4,17
11,3,22
2,1,3
2,1,4
10,6,14
12,2,21
15,3,17
10,0,8
3,1,7
1,0,2
2,0,3
5,2,4
5,4,26
2,0,7
3,1,4
7,1,16
6,1,6
2,1,3
0,1,1
0,0,2
2,1,4
1,0,2
6,1,8
1,1,4
10,7,23
1,0,2
2,0,3
1,0,8
5,2,16
2,0,3
0,0,2
1,0,0
1,0,5
3,3,6
7,3,10
0,0,5
9,4,19
5,3,16
3,0,3
10,2,16
5,3,10
6,4,9
0,0,1
26,10,63
1,0,2
0,0,1
5,3,9
5,1,15
9,1,10
1,2,1
5,2,4
1,0,1
10,0,13
2,0,2
0,1,1
10,2,15
4,3,13
0,1,3
3,2,4
0,0,0
3,4,8
5,3,15
1,0,3
0,0,0
1,2,3
0,0,1
0,0,0
2,0,4
1,1,4
0,1,5
5,1,2
1,1,2
0,0,1
3,1,3
0,0,1
0,0,1
2,0,2
9,2,10
0,0,2
3,0,1
3,0,2
3,0,2
6,2,13
3,1,8
3,1,0
3,0,5
0,0,1
1,0,3
23,9,45
1,1,3
0,1,3
3,2,7
3,1,2
3,0,3
3,0,5
0,1,2
1,0,0
7,0,7
3,0,2
1,0,5
0,0,4
0,0,0
1,0,1
0,0,1
0,0,2
1,0,2
1,0,0
8,8,24
1,0,1
1,4,11
1,0,2
4,2,8
10,5,15
4,2,8
20,18,48
40,12,70
3,0,4
2,0,1
1,0,1
1,1,8
0,0,1
6,2,7
2,3,9
1,0,0
11,5,17
0,1,3
1,0,4
5,3,14
2,0,3
2,1,6
1,0,0
0,1,1
4,3,6
5,0,5
2,0,2
2,1,4
5,2,4
2,0,1
57,21,88
0,0,2
7,1,13
1,1,3
1,0,0
1,0,1
1,0,3
1,0,0
1,0,0
2,0,3
11,4,32
3,0,7
0,0,3
2,0,1
3,1,3
3,1,11
0,0,1
5,4,6
0,0,2
7,2,8
1,0,0
5,2,4
2,1,3
2,2,9
3,2,10
5,4,17
5,2,7
2,1,3
4,4,7
4,4,10
9,2,24
0,0,2
3,0,4
4,2,10
1,0,0
2,1,3
2,1,4
1,1,4
10,5,17
3,0,2
0,0,3
1,2,4
3,0,2
0,0,1
1,0,0
3,2,4
2,1,6
1,0,1
0,1,2
1,1,1
0,2,3
1,1,6
7,2,14
2,0,2
2,0,3
1,0,3
2,0,7
5,3,16
4,0,4
2,1,9
0,0,4
1,2,3
0,0,7
0,1,2
18,11,24
7,2,11
0,0,1
8,3,13
2,1,5
5,3,6
4,0,5
3,2,7
0,0,1
8,3,20
4,1,7
4,2,5
2,2,8
0,0,1
1,0,3
5,2,9
0,0,0
1,2,7
9,2,13
3,1,4
0,1,3
9,2,18
3,1,4
0,0,1
14,4,22
5,2,5
4,1,3
9,3,19
4,0,10
2,1,2
9,6,20
1,1,1
0,0,2
3,7,14
1,0,3
1,0,0
0,0,2
0,1,3
5,3,13
6,1,8
0,0,1
0,0,3
0,0,0
17,7,34
3,0,4
2,1,7
1,0,1
3,0,1
10,4,20
3,0,5
1,0,3
5,1,4
2,2,3
3,0,5
1,0,5
11,12,25
5,1,11
2,0,3
2,0,6
1,0,0
0,0,0
4,0,7
4,2,7
2,2,5
1,2,5
1,1,1
1,0,1
2,0,4
1,0,2
3,0,2
2,0,2
1,0,4
2,2,3
1,1,2
2,0,6
4,2,9
0,0,1
1,0,10
1,1,1
0,0,2
7,4,26
2,3,6
1,0,2
1,1,3
1,0,3
4,8,20
1,1,3
16,1,24
3,2,7
3,0,6
1,3,2
1,0,1
1,1,6
1,0,2
0,0,3
0,0,1
0,0,2
3,2,9
3,2,5
5,0,7
4,0,3
1,0,2
2,1,10
1,1,3
3,1,5
4,2,8
2,0,0
3,0,10
1,1,1
1,1,8
5,1,6
3,0,1
8,3,12
1,1,3
1,0,2
18,10,37
5,1,10
5,2,7
1,1,3
0,0,1
0,0,5
2,0,1
1,0,0
9,1,13
1,0,0
1,1,3
4,0,4
0,0,1
3,0,3
0,0,2
3,0,4
4,2,7
7,0,10
0,0,2
1,0,2
2,1,4
1,0,2
1,0,0
24,13,50
3,0,3
0,0,1
1,1,7
1,0,2
1,1,8
6,4,14
3,0,4
15,4,19
2,1,9
4,2,7
0,0,1
1,1,6
1,0,0
2,1,3
0,0,4
3,1,1
7,0,8
4,0,13
2,0,7
3,0,6
6,2,8
4,1,14
2,0,3
11,6,30
0,0,4
0,0,2
0,0,4
1,0,3
1,0,1
2,1,5
1,0,2
5,0,4
7,1,7
4,0,4
0,0,1
0,0,1
2,0,2
1,1,4
6,5,14
3,1,5
2,0,3
1,1,2
0,1,1
1,0,3
1,1,3
3,2,5
0,0,1
1,1,3
2,1,2
0,0,1
4,0,4
6,1,2
0,1,1
8,1,14
2,0,2
6,2,14
0,0,1
1,1,1
1,1,1
1,1,1
14,6,27
2,0,3
0,0,2
18,11,32
2,2,3
1,1,4
7,5,9
5,0,6
2,0,2
0,1,1
3,0,4
2,2,2
1,0,3
0,0,1
0,0,2
4,3,16
1,1,2
3,3,6
8,4,10
1,0,8
3,3,7
3,1,1
1,1,1
1,1,3
2,1,4
9,4,21
2,0,3
1,0,1
2,0,2
3,0,6
2,1,2
7,4,14
2,5,13
1,0,0
5,1,6
0,1,1
0,1,2
4,1,6
2,0,2
7,3,9
0,0,1
2,0,2
4,3,11
3,2,5
6,1,9
1,0,3
2,0,5
2,0,2
4,1,7
1,2,1
1,0,3
3,1,5
1,1,1
0,0,1
2,2,7
5,5,13
0,1,4
0,0,1
1,0,2
14,4,25
1,0,2
1,0,0
6,3,9
0,1,2
2,0,2
15,13,27
8,6,21
3,3,18
12,1,15
7,2,12
1,1,2
0,1,4
4,3,7
5,1,8
12,2,19
0,4,8
0,0,1
0,0,1
1,3,12
0,0,1
1,2,4
5,6,11
6,1,11
4,1,7
3,1,4
1,1,2
2,0,9
2,0,3
1,1,8
1,0,1
0,1,1
1,0,3
5,1,5
3,0,1
4,1,6
10,4,12
0,0,2
4,0,4
5,1,12
3,0,10
7,1,12
4,7,21
2,0,2
2,0,5
2,0,2
4,2,5
1,1,3
0,0,2
1,0,0
1,0,4
1,0,2
0,0,1
0,0,3
1,0,2
0,0,1
4,0,5
4,2,8
1,1,4
1,0,3
1,0,0
2,0,0
0,0,2
0,1,2
5,2,9
0,0,2
0,0,1
1,3,6
0,1,4
5,1,7
4,2,10
18,9,44
8,2,9
9,1,11
1,0,0
1,0,2
0,2,2
6,3,9
1,1,7
2,1,3
8,2,10
3,1,4
1,0,2
1,0,1
6,2,13
6,4,9
0,2,1
3,0,3
11,10,32
11,6,31
1,0,0
1,1,5
1,0,4
8,1,16
0,0,0
0,0,1
1,1,5
1,0,1
4,0,2
2,0,4
2,3,10
5,0,9
2,0,2
5,3,15
1,0,5
0,0,4
4,1,4
0,0,1
6,1,10
0,1,5
9,2,11
1,0,2
1,0,2
2,2,5
9,1,7
15,6,21
1,0,2
20,7,38
0,1,5
0,0,1
1,0,1
4,5,21
5,2,6
2,0,3
6,1,5
6,4,13
0,0,2
4,0,10
2,1,5
1,1,2
11,6,32
2,0,4
11,4,23
2,3,9
1,0,1
0,0,2
0,0,2
0,0,2
0,0,1
0,0,3
0,0,1
1,0,1
2,0,3
0,0,2
8,2,10
3,0,2
1,0,1
2,1,3
10,2,16
6,2,7
1,1,3
3,2,4
0,0,1
1,0,1
0,2,9
0,0,5
5,3,6
0,0,1
0,1,6
5,3,15
3,3,11
0,0,4
1,0,1
1,0,2
0,0,1
1,1,2
2,2,4
1,1,2
0,0,1
3,1,7
1,1,2
2,0,5
2,0,2
5,6,17
3,1,3
1,1,3
4,2,16
4,0,3
11,5,16
15,6,29
1,0,2
1,1,2
0,0,3
0,1,2
1,0,1
2,1,2
1,1,5
2,0,1
6,5,25
2,0,6
1,0,1
3,0,4
11,5,19
1,0,6
7,2,7
3,0,2
1,0,1
2,1,5
1,0,2
0,1,2
4,0,4
3,7,11
1,0,0
0,1,2
3,0,5
2,0,9
2,0,3
0,0,1
14,15,53
6,2,12
0,0,1
2,0,2
1,4,13
1,1,4
0,1,3
6,2,12
0,0,1
10,4,24
1,1,1
4,1,1
2,0,2
7,0,17
3,1,5
12,8,28
2,0,1
5,1,11
0,0,1
2,1,7
1,0,0
1,0,3
0,0,2
0,0,1
2,0,2
2,0,2
1,0,1
6,3,8
3,1,3
6,1,6
1,0,1
1,0,4
2,1,1
5,0,5
1,0,0
3,1,6
0,0,2
6,0,4
2,0,1
2,0,3
0,0,1
7,0,12
3,1,6
1,0,5
1,0,3
2,0,4
1,2,6
18,4,35
2,0,2
0,0,5
2,2,15
1,0,2
1,0,1
0,1,3
0,1,2
12,6,22
4,0,3
6,4,14
4,2,9
1,1,11
11,7,19
1,1,2
1,0,2
18,11,43
1,0,6
3,1,14
6,2,9
0,0,1
1,0,1
1,0,2
12,5,17
1,0,3
5,3,12
3,1,4
10,0,9
0,0,0
0,0,1
0,0,3
2,1,4
2,0,1
1,0,4
2,3,3
1,1,3
0,0,1
1,0,1
3,1,1
0,0,2
12,4,17
1,3,4
6,0,9
2,0,1
2,0,4
2,2,4
2,0,3
13,2,22
0,0,1
9,1,6
5,3,11
5,1,10
3,2,6
0,1,2
9,1,15
17,8,44
4,2,5
9,2,20
5,3,13
2,2,5
1,0,1
1,0,1
7,2,6
0,0,1
3,0,5
2,0,4
4,0,4
1,0,0
1,0,1
1,0,3
9,3,17
6,3,8
1,2,8
0,1,1
2,1,3
5,0,3
1,1,2
2,2,7
0,1,3
8,6,14
1,1,1
1,0,0
3,3,9
11,2,12
2,1,5
6,1,6
4,1,7
3,0,7
0,0,1
2,0,3
0,0,6
1,1,1
9,3,8
0,0,1
14,6,21
3,1,6
6,3,16
0,0,2
19,9,48
3,2,4
2,0,2
4,1,3
2,1,2
2,1,2
3,2,18
4,1,4
4,1,6
4,2,4
1,1,3
2,0,2
0,0,1
5,2,5
3,3,8
2,1,2
1,0,5
0,1,2
11,4,12
0,0,2
5,2,7
3,1,6
1,0,0
7,3,12
4,3,11
8,5,14
6,1,6
0,1,2
3,0,6
2,0,3
1,2,5
2,0,2
6,3,7
11,1,17
0,0,1
1,0,2
6,3,26
1,0,0
11,5,11
2,0,4
0,0,1
1,0,1
0,0,1
0,1,3
1,1,0
0,0,4
1,0,7
4,2,11
4,2,3
4,1,4
0,0,3
1,0,1
6,1,8
0,0,1
1,0,2
8,1,7
3,1,1
3,4,7
1,2,7
2,0,2
5,0,6
4,1,6
17,4,34
2,1,2
0,0,3
0,1,1
5,1,7
2,0,5
1,0,0
5,0,3
0,0,1
3,0,6
2,2,6
1,0,0
2,1,4
3,0,3
2,0,3
16,7,23
2,0,3
5,1,7
3,1,7
2,0,3
4,2,4
2,2,4
2,1,2
12,2,16
0,0,5
3,1,8
3,1,5
0,0,0
9,5,17
3,0,5
1,1,7
0,0,3
5,0,6
6,2,4
7,2,13
3,0,3
2,2,10
0,0,0
1,0,2
2,1,2
1,0,2
3,1,8
8,1,11
0,0,1
3,0,3
2,0,4
7,5,11
4,1,6
4,0,1
1,0,1
3,2,11
0,1,1
3,0,8
0,0,1
2,0,1
2,0,1
0,0,4
5,2,6
4,1,7
5,2,7
1,1,1
1,1,5
4,0,4
0,0,2
1,0,0
1,0,0
0,0,4
5,5,25
1,0,0
2,0,2
1,0,1
2,0,4
3,2,3
3,0,0
1,0,2
6,2,16
1,0,0
1,0,1
1,1,6
10,3,18
0,0,1
2,0,5
25,11,39
5,1,12
0,0,0
1,0,5
1,0,1
6,3,7
3,3,9
7,2,8
19,9,42
2,0,1
1,0,3
1,0,1
0,0,1
5,1,3
6,2,13
4,3,8
1,1,2
4,1,6
1,0,3
2,1,9
1,0,1
1,0,3
2,0,3
3,1,10
4,0,8
2,0,3
3,1,4
2,0,4
4,1,6
0,0,2
0,0,1
0,0,3
5,0,3
5,2,8
5,0,4
3,0,3
10,5,17
3,0,2
1,0,1
2,1,4
1,1,3
3,1,6
1,0,3
2,0,1
1,0,3
2,0,2
0,0,2
21,6,44
4,1,2
1,0,1
3,0,8
7,5,23
16,8,21
0,0,3
13,5,32
2,0,3
14,1,12
0,0,2
2,0,5
0,0,1
5,0,5
1,0,1
2,1,7
5,2,7
0,1,6
0,0,3
4,0,3
31,15,38
0,1,1
4,1,3
0,0,1
2,2,2
6,5,7
0,0,3
9,4,11
6,4,11
3,0,2
0,0,2
1,1,3
0,0,3
3,0,1
7,1,9
0,1,4
12,9,19
2,1,4
4,3,14
1,1,1
5,1,16
21,9,34
0,0,2
7,0,12
1,0,1
4,1,5
2,0,4
1,0,0
1,1,1
7,2,12
5,1,6
3,1,3
3,1,6
1,0,2
0,0,2
1,0,2
3,1,7
5,2,3
4,3,7
0,0,2
11,2,15
20,14,30
2,0,8
1,1,3
0,1,3
1,1,1
5,2,5
25,8,46
2,2,6
1,1,4
4,1,8
12,5,27
1,0,2
0,0,1
3,0,4
1,0,3
3,0,0
10,5,11
0,0,1
1,0,1
0,0,4
27,7,49
0,0,1
3,1,5
1,0,1
5,2,9
0,0,3
1,0,0
0,1,4
3,0,3
0,0,3
6,2,18
17,7,41
0,0,1
7,3,11
1,0,4
2,4,4
4,1,5
0,0,3
1,0,1
4,1,1
6,3,11
3,1,2
4,0,3
0,0,2
0,0,4
0,0,2
1,0,1
1,0,1
12,2,31
4,1,5
0,1,2
16,6,34
1,0,1
1,0,1
1,0,0
1,0,1
29,16,51
0,0,0
4,1,4
3,1,16
3,1,13
3,3,5
1,0,2
4,0,5
3,0,4
3,4,9
5,2,8
1,2,5
4,2,8
9,2,7
3,0,3
1,1,4
6,5,11
5,0,2
2,0,5
0,0,1
2,2,5
1,0,3
5,1,9
26,13,44
4,0,2
14,3,15
2,2,5
2,0,1
5,0,6
7,1,7
7,2,8
0,0,3
8,5,18
1,0,6
0,0,1
2,2,6
3,0,3
4,2,6
1,1,4
0,1,4
4,6,10
0,0,0
1,0,2
4,0,5
1,0,2
2,0,2
3,2,5
7,1,9
1,0,1
2,0,3
0,1,3
11,2,23
5,0,6
4,1,8
4,2,5
1,3,5
10,2,7
1,0,1
2,0,2
1,0,3
1,0,3
18,10,42
1,1,0
2,2,11
0,0,1
2,1,4
2,1,3
2,0,2
4,4,9
1,0,0
1,1,2
2,1,3
0,0,3
1,0,1
4,1,13
2,0,2
1,2,2
0,1,3
3,2,6
11,5,14
1,0,0
7,5,15
9,5,20
1,0,1
1,0,0
2,1,5
32,16,59
1,0,1
3,2,7
10,5,22
3,0,3
3,0,3
5,2,2
0,1,4
2,0,2
1,0,0
2,2,4
2,1,6
0,0,1
0,0,3
2,0,2
1,0,1
0,0,1
3,2,10
3,1,4
1,0,1
8,3,25
1,0,7
0,0,1
2,2,7
6,1,8
0,0,0
0,0,1
11,6,24
3,2,4
3,1,4
0,0,1
0,0,1
1,0,3
1,0,3
0,0,0
2,2,8
9,2,7
11,4,17
3,2,3
14,7,17
1,0,2
0,0,1
0,0,1
0,0,3
0,0,2
1,1,1
30,12,55
0,0,0
24,6,45
3,4,8
0,1,1
3,0,5
3,1,9
8,3,5
7,9,17
5,1,15
2,1,3
2,0,1
3,0,3
6,0,8
1,0,2
2,1,2
5,1,12
0,0,1
4,2,8
2,0,0
0,0,0
2,0,4
1,0,2
19,10,33
5,3,5
4,0,6
2,1,6
7,1,4
1,0,4
3,0,4
4,2,6
0,0,2
0,1,5
1,0,2
1,0,0
1,2,10
1,1,2
8,5,19
0,0,1
2,0,1
0,0,1
0,0,2
7,3,8
1,1,3
10,2,12
1,0,1
2,1,5
1,1,1
2,0,0
1,0,4
1,0,3
10,0,7
0,0,1
2,2,4
0,0,1
0,0,1
0,0,1
2,5,10
1,0,3
0,0,2
1,1,6
6,3,5
0,0,1
1,1,7
1,0,1
1,0,2
1,0,0
4,2,5
2,1,5
3,5,6
1,0,1
0,0,0
8,1,8
0,0,3
7,0,5
1,1,1
13,1,13
2,1,3
1,0,2
9,3,21
1,1,4
0,0,2
5,2,9
0,0,2
1,1,4
4,0,3
34,9,40
15,9,27
1,0,1
1,0,2
1,0,2
3,0,5
5,2,7
1,0,1
2,2,3
0,0,1
0,0,4
1,0,0
5,4,12
2,1,3
2,0,5
1,1,0
7,4,17
2,1,6
2,0,2
0,0,0
3,1,4
4,1,9
0,0,1
0,1,2
12,9,20
3,1,4
3,0,4
16,3,26
2,0,5
0,0,1
0,0,1
2,1,3
2,1,5
2,0,0
2,1,3
5,1,3
1,0,3
7,1,4
4,1,10
1,0,2
5,4,17
0,0,0
4,0,10
1,0,1
1,0,3
5,2,4
1,0,2
1,0,1
2,0,4
1,0,0
3,1,6
14,7,22
4,2,9
1,0,4
1,0,1
10,5,10
0,0,2
1,0,1
1,1,4
2,2,4
9,2,15
7,0,12
2,2,3
1,0,0
1,2,1
5,2,7
2,1,5
6,2,12
1,0,7
1,2,4
1,0,1
6,3,10
2,1,5
1,1,5
6,3,17
1,0,4
0,0,1
0,0,1
2,0,3
2,2,1
2,1,4
1,1,2
0,0,2
5,1,4
36,5,51
10,4,11
1,0,0
32,15,65
10,4,20
1,1,1
2,0,3
0,2,3
0,1,8
5,3,8
14,7,36
3,0,2
3,3,4
0,0,1
0,0,1
7,2,11
3,0,8
4,2,8
7,2,11
3,0,7
14,5,26
18,3,20
5,2,7
0,0,2
1,0,5
1,0,0
2,0,3
3,0,7
11,1,14
0,0,2
2,0,4
1,0,1
2,0,2
3,0,2
0,0,3
2,1,7
6,0,11
4,1,12
3,0,2
1,1,5
1,0,9
2,0,3
35,8,51
1,2,4
4,1,1
0,1,1
5,0,3
0,0,0
3,1,5
2,1,2
30,18,47
2,1,2
1,2,3
1,0,2
0,0,0
2,0,1
4,1,4
0,1,1
1,1,2
1,1,3
4,1,8
1,0,3
2,0,2
1,0,2
24,12,37
23,6,35
0,0,1
6,4,9
6,2,11
0,0,1
4,2,8
6,1,5
15,6,21
5,2,2
11,1,14
22,13,56
1,0,0
0,0,2
3,1,2
0,0,2
7,3,10
1,0,0
0,0,0
0,1,1
0,0,1
0,0,0
1,0,1
0,1,1
9,3,21
2,0,3
6,5,16
1,0,1
5,1,8
1,1,7
1,0,8
5,1,5
22,5,31
1,0,5
0,0,1
1,0,10
13,1,24
11,5,14
0,1,1
2,0,3
2,1,7
2,1,5
1,0,1
3,2,7
1,1,2
2,0,0
0,1,1
1,1,1
1,0,1
3,2,14
0,0,2
1,0,3
5,4,11
10,7,28
0,0,2
2,0,1
16,10,23
27,7,55
3,1,3
13,6,25
5,1,6
3,3,4
26,6,41
4,2,8
1,0,2
0,2,4
1,0,0
0,1,1
4,1,3
3,1,7
8,2,23
18,7,38
0,1,2
8,0,12
3,0,3
5,1,11
0,0,1
1,0,0
3,1,11
0,0,1
1,0,4
3,1,5
9,6,21
5,2,9
3,0,1
2,0,4
1,0,0
0,0,1
0,0,1
0,1,2
10,8,25
11,2,20
3,0,3
6,2,3
3,1,5
1,0,0
3,1,8
3,0,2
1,0,3
1,1,1
1,0,1
11,9,18
2,0,2
20,8,47
1,0,4
8,5,6
4,1,9
0,0,2
0,0,0
7,3,13
0,0,1
4,0,5
9,4,13
2,0,3
1,1,0
2,1,5
3,1,3
10,1,16
18,7,23
4,2,5
6,0,6
1,0,3
1,0,0
2,0,2
0,1,2
1,1,3
1,0,2
1,1,4
16,6,33
6,1,13
6,3,17
4,0,6
9,5,20
15,4,28
6,1,8
3,5,9
15,8,30
10,9,23
0,0,6
0,0,1
1,0,3
1,0,1
18,7,29
2,0,5
2,1,3
1,1,2
1,0,2
1,0,1
3,2,7
1,2,5
3,1,9
4,0,15
4,2,6
2,2,5
1,0,1
1,0,0
1,0,4
9,3,8
10,3,19
1,0,0
0,0,2
4,0,4
0,0,1
0,0,3
3,0,2
3,4,8
6,3,7
8,4,6
1,0,4
5,6,16
0,0,1
0,0,0
8,3,10
2,0,2
0,0,3
10,2,10
3,1,5
2,1,2
1,0,1
31,9,39
7,3,14
1,0,0
13,7,22
3,0,2
1,0,0
0,0,3
1,0,1
1,0,3
0,1,4
0,0,1
1,0,1
2,0,3
7,3,14
8,3,11
2,3,7
3,1,4
1,0,1
1,2,6
1,1,3
2,0,3
4,2,4
7,1,5
3,0,4
3,0,5
1,0,3
1,2,3
0,1,2
7,1,9
1,2,4
1,0,1
1,0,1
1,0,3
3,1,3
2,1,5
1,0,5
0,0,1
2,2,6
1,1,3
6,0,7
3,0,6
0,0,1
0,1,5
11,2,11
3,1,9
1,0,2
1,0,3
2,0,2
4,0,5
3,0,5
15,8,34
0,1,1
0,0,1
1,0,4
7,4,15
0,1,1
1,0,1
22,5,34
0,0,3
5,3,19
1,0,2
0,0,0
1,0,2
24,13,49
1,1,4
0,1,1
3,1,4
1,1,3
3,2,4
3,1,4
6,2,7
2,0,1
12,5,18
15,5,19
11,2,15
2,0,4
2,0,1
1,1,3
0,0,1
1,0,2
0,1,0
0,1,3
4,0,5
7,5,9
0,1,1
1,0,0
0,0,1
12,3,19
1,0,2
2,0,2
5,1,5
1,0,5
2,0,3
6,0,4
6,0,4
1,0,2
2,1,5
1,1,0
1,1,4
5,3,14
1,1,4
1,0,4
3,0,13
1,1,4
2,0,7
1,0,3
1,0,2
8,2,10
0,0,2
2,0,4
0,0,0
5,5,7
0,0,2
0,0,1
1,2,12
0,1,1
1,0,1
0,0,2
2,1,5
5,0,7
0,1,1
11,4,11
3,0,5
0,0,1
2,0,3
1,0,1
8,3,9
1,1,3
1,3,5
0,0,1
1,0,0
3,2,3
5,0,10
13,5,28
4,1,2
2,0,1
3,1,5
2,2,4
5,2,21
1,0,5
5,2,4
0,1,4
6,4,6
3,0,9
3,0,2
14,6,34
1,1,2
0,1,3
2,1,3
2,0,3
3,2,3
2,2,4
3,0,1
3,2,5
1,0,3
0,0,1
3,1,6
1,0,0
34,15,64
1,1,1
0,0,2
0,1,4
4,4,8
10,2,17
3,1,5
49,29,96
0,0,3
1,0,3
7,6,20
0,1,2
4,0,2
1,0,2
0,0,2
1,1,4
2,0,6
4,2,7
2,0,5
1,0,2
1,0,3
1,0,1
8,1,11
1,0,1
0,1,1
4,0,3
11,3,8
1,1,3
0,0,2
1,1,3
1,0,5
0,2,3
5,2,7
1,1,5
0,0,2
5,0,5
4,3,8
0,0,1
3,2,3
2,0,3
4,3,10
1,1,2
3,1,6
1,0,3
1,0,1
2,1,6
0,2,4
7,2,11
1,0,2
7,3,9
1,0,3
2,0,1
3,1,4
4,2,7
7,3,8
3,2,4
6,2,6
1,2,8
1,2,0
12,6,26
1,1,3
1,0,3
1,0,3
2,0,5
13,6,27
4,0,2
3,0,4
1,0,4
1,0,1
0,1,2
2,1,2
1,1,5
3,1,11
3,3,5
0,2,2
9,9,16
4,1,3
1,3,8
8,5,15
3,1,7
1,0,2
14,5,14
4,4,7
3,1,4
1,1,4
2,1,3
0,1,1
22,12,50
1,0,2
1,1,3
4,0,8
0,2,5
0,0,1
13,4,24
12,8,20
4,1,3
0,1,2
1,0,1
2,2,5
0,0,1
2,0,3
5,1,3
5,0,7
1,1,2
4,0,4
1,0,3
0,0,1
11,3,9
5,2,15
1,0,3
1,1,2
1,0,3
0,0,3
0,1,5
6,4,12
1,0,1
1,1,2
1,0,3
0,0,0
1,0,2
0,0,1
10,7,26
1,1,3
2,2,7
1,0,1
1,0,1
8,4,10
0,0,3
2,2,7
1,0,1
1,0,1
1,0,2
2,2,5
6,2,14
0,0,1
2,2,6
21,10,58
5,3,11
0,0,1
1,1,0
0,0,1
3,1,3
1,0,2
12,6,16
4,1,6
3,1,12
1,0,1
0,0,1
3,1,7
0,0,1
0,0,2
0,0,0
0,0,0
3,0,5
0,0,1
0,0,5
0,0,1
2,1,2
6,2,12
2,0,3
0,0,1
6,1,6
8,2,15
0,0,4
4,0,5
2,2,8
0,0,1
13,2,18
0,1,4
1,0,2
0,0,0
0,0,1
0,0,1
2,0,6
0,0,2
1,1,4
1,0,1
4,1,5
6,2,18
1,0,1
0,0,1
0,0,3
2,1,6
2,0,2
3,1,3
0,0,1
6,4,16
3,3,10
1,0,2
3,3,20
1,0,1
1,1,2
0,0,2
3,0,1
2,0,3
6,4,13
4,0,9
2,0,2
4,3,7
1,0,3
0,0,2
0,1,0
0,0,1
13,1,12
4,3,12
1,0,3
1,0,1
9,1,7
2,1,4
1,1,4
0,0,1
2,1,7
3,2,5
1,0,1
2,1,3
8,3,8
35,10,63
4,0,3
4,0,5
2,1,9
1,0,0
6,1,6
3,1,5
2,1,3
2,0,0
1,1,3
1,0,3
2,2,10
5,2,8
0,2,1
1,0,1
5,0,5
0,0,0
2,3,8
4,1,7
0,0,0
1,0,1
1,1,1
2,0,1
1,0,1
1,0,7
3,0,3
2,1,2
2,0,5
0,0,1
2,0,2
0,0,3
2,0,3
2,0,1
6,1,11
1,0,3
4,0,5
0,0,1
15,9,24
1,0,1
0,0,3
0,1,1
4,2,3
4,1,4
2,2,5
0,0,1
1,1,3
0,0,2
3,0,6
1,0,1
0,0,2
2,0,6
5,3,9
3,0,4
13,6,20
1,0,0
7,1,5
12,5,18
1,3,8
0,0,1
4,5,7
1,0,0
1,1,3
2,0,1
8,1,9
3,5,9
3,2,9
0,0,1
10,2,20
0,0,1
0,0,1
2,0,1
2,0,3
1,0,1
0,0,1
10,3,8
0,0,1
0,2,4
1,0,2
9,5,30
1,0,2
1,0,2
3,2,6
1,0,1
3,0,3
1,0,7
1,2,7
0,1,1
1,0,4
0,1,3
0,0,3
0,0,2
4,0,6
1,0,1
4,1,3
5,1,11
3,0,2
3,0,4
3,2,3
3,0,2
1,1,2
0,1,3
5,0,5
4,1,7
4,0,7
12,2,15
3,0,6
4,2,8
1,0,2
3,1,3
13,8,37
19,11,29
2,0,4
7,1,10
1,2,9
1,0,1
7,0,11
1,1,5
0,0,2
0,0,3
1,0,0
1,0,4
8,4,16
4,1,12
2,2,5
5,1,12
2,2,11
1,0,2
3,2,2
10,2,12
1,0,2
1,0,0
2,1,1
0,1,1
0,3,4
1,1,1
1,1,0
2,0,2
2,0,3
0,0,2
4,1,8
1,0,1
0,1,3
11,10,36
5,3,7
0,0,1
13,6,27
0,0,5
7,1,6
1,0,1
0,1,1
1,0,3
5,2,10
2,0,2
1,0,3
36,12,47
2,2,10
1,1,7
6,6,9
3,1,5
8,4,10
2,0,1
0,0,1
5,1,5
1,2,2
1,0,1
0,0,1
6,1,4
7,2,12
15,2,17
3,1,8
4,1,6
4,4,9
2,0,5
0,0,1
0,0,1
1,1,0
0,0,2
7,2,16
2,0,4
1,0,1
1,1,2
1,0,4
18,7,33
2,1,4
1,0,1
5,3,12
0,0,1
1,0,2
6,1,10
9,0,9
2,2,4
2,0,4
3,3,4
0,0,1
1,3,14
15,4,22
1,0,1
6,5,15
3,3,6
1,3,7
3,0,2
1,1,1
0,0,1
4,1,7
10,4,14
2,0,4
8,2,17
1,0,3
8,4,16
0,0,1
1,0,4
1,0,3
7,1,8
3,1,2
7,3,9
7,6,14
22,3,48
4,1,4
4,1,8
1,1,8
12,3,20
0,1,4
2,0,4
0,1,3
1,0,1
2,1,2
3,2,8
2,1,9
1,1,2
1,0,4
3,0,8
0,0,0
1,0,2
7,4,15
3,3,5
1,2,2
4,0,10
0,0,0
1,0,3
4,1,3
0,0,0
1,0,2
1,0,1
11,8,24
2,1,5
5,1,1
6,1,15
3,2,7
2,0,2
2,0,2
0,1,1
0,1,3
9,2,7
1,0,2
7,2,9
0,0,1
1,1,7
2,2,4
0,0,2
7,8,28
6,1,15
2,0,2
3,0,4
3,1,6
0,0,1
1,0,1
3,1,3
1,1,1
2,1,5
3,0,9
0,0,1
17,3,19
3,1,3
11,2,22
8,2,9
1,0,0
5,1,8
0,0,1
2,1,2
0,1,2
4,0,3
1,1,2
0,0,2
2,2,11
1,0,1
1,1,2
0,1,0
3,0,2
12,5,14
3,2,7
3,2,5
4,0,4
1,0,2
8,1,14
12,1,8
1,1,5
19,5,33
0,0,4
3,0,4
0,0,2
1,1,2
4,0,5
6,3,7
19,12,34
5,3,11
0,0,1
0,0,1
3,1,6
20,2,33
1,0,3
2,2,9
7,4,7
0,1,3
0,0,1
2,1,7
0,0,2
0,0,4
0,0,4
0,0,1
1,1,1
1,0,1
1,0,3
3,2,6
3,0,2
5,2,11
3,1,2
2,0,5
2,0,3
13,2,12
8,1,4
2,0,4
1,1,6
6,3,7
2,1,6
6,1,5
16,6,20
5,0,5
8,4,12
0,1,2
7,7,19
4,2,8
0,2,4
2,1,3
0,0,1
3,2,3
2,3,8
2,3,5
0,0,2
5,0,5
6,1,6
0,0,1
22,5,30
0,1,2
5,2,16
5,5,13
8,7,9
0,0,2
4,0,3
4,3,14
14,6,27
3,1,4
1,1,1
10,2,12
9,0,9
9,10,27
0,0,4
34,15,66
0,0,1
6,0,4
2,1,7
3,1,2
1,0,1
1,2,2
0,0,3
3,0,7
4,0,4
14,10,40
2,0,5
1,0,1
24,9,38
1,0,0
0,0,3
8,1,8
0,0,6
1,0,2
3,3,10
4,2,36
0,0,2
3,0,10
0,1,1
0,0,1
1,0,0
1,0,1
1,1,1
3,1,6
2,1,3
1,0,1
2,2,3
20,5,34
3,1,4
4,0,1
8,5,20
16,3,24
21,11,43
1,0,4
5,1,10
1,1,3
3,1,4
1,0,3
2,1,6
3,1,7
0,0,2
1,0,3
2,0,5
5,0,3
3,0,3
4,0,7
1,0,2
0,1,3
10,2,15
1,0,1
3,0,3
3,2,11
23,7,38
0,1,3
1,2,7
1,0,2
1,0,8
10,1,9
1,0,4
0,0,2
3,0,4
1,0,0
1,1,4
16,5,31
0,0,1
1,0,0
0,0,1
0,0,0
10,2,23
6,5,14
1,0,3
6,5,24
1,0,1
18,6,25
5,3,4
15,4,32
0,0,0
1,0,1
3,1,8
1,0,1
2,2,6
5,0,3
0,1,2
4,4,9
7,1,8
2,2,1
2,1,4
4,1,7
6,2,10
8,4,13
7,2,15
7,4,12
2,1,8
0,0,1
5,1,6
1,0,3
2,1,5
9,2,22
14,5,36
1,0,2
11,6,17
0,0,3
2,0,3
2,2,7
1,0,2
2,1,2
0,1,0
7,2,12
0,0,2
3,0,4
4,0,2
38,12,53
6,3,11
3,1,2
1,0,1
6,2,4
0,0,4
1,0,1
0,2,7
1,0,1
2,0,3
0,2,4
7,2,10
2,0,2
16,7,28
1,0,1
7,1,5
0,0,2
1,0,2
1,1,5
0,1,3
0,0,1
0,1,2
5,4,17
2,2,14
1,1,1
0,0,0
1,1,2
3,0,7
2,0,3
2,1,4
0,0,3
4,3,7
0,1,4
0,1,2
2,1,5
1,0,0
1,0,1
0,0,0
0,0,1
10,1,15
2,1,5
1,0,2
1,0,0
4,2,8
1,0,2
0,1,2
2,0,3
3,0,7
0,0,1
1,0,2
2,0,2
6,5,11
0,0,1
1,1,2
1,0,1
1,0,0
1,0,4
1,1,2
0,1,0
9,3,18
0,0,2
2,1,2
1,0,1
3,0,7
11,5,21
1,0,2
8,7,21
0,0,1
3,4,12
6,4,8
0,0,1
13,7,24
10,3,16
9,5,16
1,0,3
3,0,1
8,2,4
2,0,3
8,5,18
8,5,19
2,0,3
19,9,39
0,1,3
10,2,11
2,1,2
1,0,1
2,0,4
1,0,4
9,3,9
1,0,1
13,3,25
3,0,7
10,3,16
6,7,22
0,0,1
2,0,2
5,1,7
11,3,19
4,0,2
0,0,1
1,0,0
7,2,6
7,5,9
1,1,2
1,0,3
0,0,2
0,0,1
0,1,0
0,0,1
28,9,44
5,0,13
4,0,1
12,8,27
2,0,1
0,0,5
1,2,7
12,5,19
1,0,0
1,1,2
1,2,7
0,0,2
3,0,3
1,0,2
4,2,13
3,0,3
0,0,0
0,1,1
5,1,11
0,0,5
1,1,3
2,0,3
7,1,14
7,5,18
3,1,3
2,0,11
3,0,6
1,0,0
4,0,8
0,0,0
0,0,4
0,0,0
5,0,7
2,0,3
1,1,3
2,1,3
5,4,8
5,1,13
1,0,0
10,1,13
3,0,2
0,0,6
3,1,8
0,0,1
2,0,3
8,3,13
2,2,2
5,1,8
1,1,2
1,1,2
6,0,8
0,0,2
3,0,2
0,0,1
0,0,1
3,1,7
5,0,4
4,1,6
3,1,2
2,3,9
3,1,1
1,0,2
9,5,13
2,1,4
0,1,2
3,2,6
7,3,7
4,2,13
2,0,6
2,0,2
1,1,5
5,1,4
4,1,14
6,0,7
5,1,6
6,2,11
1,1,3
4,0,3
2,1,2
3,3,7
1,0,1
8,3,21
1,0,5
4,4,10
5,2,2
2,1,5
3,4,7
3,0,6
0,0,0
1,1,9
1,0,4
2,0,3
1,0,0
2,0,4
0,1,3
11,3,11
3,1,7
1,0,3
1,1,4
1,0,1
1,1,8
1,1,2
0,2,9
1,0,0
3,0,9
3,0,8
0,0,1
5,1,5
3,0,1
2,0,2
8,0,4
3,3,6
2,0,1
6,3,22
8,6,16
1,1,3
1,1,1
2,2,8
1,0,4
1,0,2
0,0,0
2,0,1
2,0,7
8,2,17
0,0,2
1,0,0
0,1,2
2,0,3
4,0,3
0,1,4
1,1,1
0,0,1
2,1,12
2,0,3
4,1,3
1,0,0
1,0,4
1,0,4
6,3,13
1,0,2
5,2,9
1,2,5
3,0,6
5,2,5
0,0,2
3,0,6
1,1,5
1,0,1
3,0,4
7,0,9
2,0,5
16,2,15
1,0,0
6,2,4
20,6,35
3,0,3
4,4,9
2,0,2
0,0,4
12,9,25
2,0,4
3,0,2
0,1,3
0,0,0
1,1,1
6,2,3
1,0,1
4,1,7
5,3,9
3,0,3
1,0,1
1,0,4
0,0,1
1,0,4
0,1,1
2,0,10
2,0,2
0,0,0
0,0,1
2,0,7
0,0,1
0,0,1
1,0,0
0,0,2
2,0,2
1,0,2
1,0,2
2,0,1
2,0,2
1,0,1
3,1,2
0,1,1
1,0,3
5,4,8
1,0,0
1,0,3
10,6,14
4,2,3
3,0,3
4,1,3
7,2,7
0,0,2
4,2,13
1,0,2
3,0,5
2,0,1
2,2,8
0,0,3
12,2,10
0,0,1
4,0,5
7,3,12
9,5,19
2,2,6
10,7,25
1,0,1
2,0,4
0,1,2
5,4,5
3,1,1
0,2,6
2,2,6
1,0,1
2,4,11
5,3,11
1,0,3
1,0,2
0,0,2
2,0,3
1,0,1
2,2,3
2,1,4
5,0,7
2,0,0
8,1,8
1,0,4
1,0,0
1,0,2
7,1,10
5,1,2
2,0,3
0,0,1
4,0,4
2,0,1
2,2,9
0,1,0
1,0,1
0,0,1
10,2,11
3,1,3
1,0,1
1,0,0
1,1,0
15,14,30
6,2,9
5,1,6
8,1,12
0,0,2
2,1,5
2,3,14
1,0,1
0,0,2
5,3,8
1,0,2
0,1,2
1,0,0
2,0,0
0,1,1
4,1,8
1,1,3
1,1,9
1,0,1
0,1,2
4,0,7
1,0,0
1,0,4
5,3,7
5,1,7
20,14,38
10,5,22
1,0,5
0,0,3
27,20,56
1,0,3
2,0,4
0,0,3
4,0,3
3,0,1
1,0,2
1,0,1
10,2,17
2,1,7
1,0,6
1,0,4
3,5,11
5,7,33
4,1,7
1,0,1
1,0,1
6,5,16
2,1,5
1,0,3
3,2,9
2,1,6
5,2,4
0,0,0
1,0,2
1,0,0
2,0,1
2,0,3
0,2,4
2,0,5
5,3,4
7,6,25
3,1,2
3,1,8
1,1,4
0,0,1
1,0,2
3,2,6
6,2,8
3,1,5
1,0,1
6,0,9
33,12,48
18,4,28
1,1,4
5,2,8
1,1,6
1,1,2
1,0,2
0,0,3
1,0,1
1,2,5
1,1,2
1,0,4
0,2,1
0,0,2
3,0,3
2,0,7
1,0,1
2,1,2
3,0,3
4,1,4
5,0,4
5,1,15
9,2,4
1,0,1
2,0,4
1,1,4
10,3,13
9,2,10
0,0,0
1,0,0
0,0,0
0,0,2
4,0,2
0,0,1
20,3,35
2,0,3
0,0,0
0,0,1
8,4,10
10,3,12
2,0,4
2,0,1
5,1,3
0,1,2
5,3,11
2,1,4
2,0,1
0,0,2
8,6,21
1,0,0
2,1,7
2,0,1
2,0,2
8,3,16
1,1,7
2,3,5
3,2,6
1,0,2
3,1,7
1,0,2
11,0,11
8,3,18
4,0,3
2,4,19
3,1,5
0,0,1
3,3,8
1,0,1
1,0,2
2,2,4
6,3,13
3,3,10
7,5,14
2,0,5
2,0,2
0,1,3
12,2,13
0,2,4
2,0,3
3,0,0
4,0,4
7,11,16
3,0,7
1,0,1
10,5,15
1,0,2
6,3,7
1,0,4
1,0,0
2,1,4
0,0,1
12,11,21
0,0,2
1,0,0
8,6,14
0,0,1
2,1,1
1,2,7
1,1,3
0,1,2
1,0,2
4,1,1
11,6,23
0,0,1
0,0,2
1,0,2
3,1,4
0,0,6
1,2,8
11,6,22
1,0,1
0,0,2
3,3,5
0,0,1
0,3,6
14,7,18
0,1,1
8,0,15
1,0,2
2,1,3
1,1,3
2,0,0
3,0,5
1,3,5
1,0,1
1,1,7
1,3,8
1,1,2
4,1,8
3,1,3
11,5,25
0,0,1
0,0,2
1,1,5
3,2,8
1,0,1
8,6,17
3,1,10
8,0,6
4,0,9
3,2,4
2,1,6
2,1,3
1,1,5
1,0,1
6,1,11
11,3,24
7,3,14
6,2,11
5,1,7
2,1,9
12,6,16
7,1,15
0,0,0
1,0,0
4,1,9
6,1,4
0,1,1
7,1,10
1,0,2
6,1,3
3,2,4
2,0,2
2,2,11
6,0,9
4,0,6
2,1,1
2,1,8
10,3,19
1,1,1
15,7,14
1,1,4
31,15,65
1,2,5
1,0,0
5,2,13
3,2,5
1,0,1
0,0,2
0,1,0
3,0,2
3,1,6
1,2,5
6,1,9
2,2,3
3,2,4
8,0,8
4,2,7
1,0,2
1,1,2
0,1,2
13,5,15
0,1,4
1,1,2
0,1,4
3,2,3
12,6,23
1,0,3
7,1,4
2,4,10
0,0,2
0,0,2
4,0,2
1,1,2
7,2,10
8,2,13
1,2,6
1,0,3
0,1,1
2,1,6
1,0,0
1,0,0
7,3,12
5,1,7
3,0,2
2,0,1
5,0,3
4,1,7
10,3,15
0,1,9
5,0,2
3,2,7
0,0,2
0,0,0
7,1,11
0,2,3
0,1,0
2,0,2
0,2,5
5,2,8
0,0,3
2,0,2
1,1,3
4,2,7
1,2,3
4,0,1
1,0,3
7,3,11
2,4,9
0,0,1
0,0,1
1,1,4
5,0,10
1,0,2
0,0,0
0,0,1
10,10,14
2,0,3
4,1,7
6,2,9
0,0,1
0,0,0
3,1,4
0,1,5
1,0,1
0,0,3
2,1,6
2,0,2
2,0,4
5,1,2
3,0,1
1,0,0
14,6,22
1,1,8
0,1,1
1,0,1
5,2,6
6,3,6
1,1,2
1,0,1
1,1,5
2,1,3
1,0,0
0,1,2
1,0,4
7,1,7
0,0,1
11,10,32
2,1,4
2,1,6
5,0,3
4,3,13
2,0,3
5,0,4
1,0,0
1,1,1
0,0,2
1,0,1
0,0,2
5,3,13
2,0,1
1,0,1
2,0,3
2,1,2
7,2,13
2,0,5
1,1,3
4,1,4
2,0,4
2,0,3
0,1,4
7,4,19
1,0,1
3,1,3
5,1,9
4,0,7
0,0,0
27,13,29
17,4,22
1,2,3
1,1,5
8,3,20
0,0,1
2,0,4
4,1,9
15,9,29
1,0,3
1,1,4
3,2,4
5,1,7
13,4,26
1,0,2
2,1,12
5,4,14
2,0,2
4,1,8
16,5,29
5,2,4
1,0,2
0,0,2
2,2,5
0,0,3
3,1,5
4,0,1
2,0,3
1,0,5
10,3,17
3,1,4
5,2,6
8,2,7
2,0,6
6,2,18
1,2,1
2,0,4
6,2,11
2,1,1
1,1,3
1,0,1
3,0,6
1,0,3
4,0,3
1,1,5
8,8,21
5,0,5
10,3,21
4,3,3
1,0,5
0,0,3
0,0,1
1,0,2
2,0,1
0,0,1
7,4,12
1,1,5
8,2,12
10,2,7
11,1,10
1,1,2
2,0,1
6,2,6
0,0,2
0,0,2
11,5,35
1,0,3
7,3,13
1,2,6
0,0,1
0,0,2
23,10,24
2,3,8
6,1,11
6,0,6
1,0,5
1,0,4
3,1,9
1,0,1
1,0,2
1,0,1
6,4,13
17,9,31
1,0,4
6,0,8
1,1,3
0,0,1
6,2,12
2,0,2
3,2,5
2,0,0
1,0,6
1,0,0
12,9,11
2,0,4
0,1,3
1,0,1
2,1,5
3,1,4
6,3,12
11,3,19
29,14,65
1,0,0
1,0,7
1,0,0
6,1,10
3,1,3
1,0,1
1,0,1
2,0,3
0,0,1
3,1,8
0,2,4
15,14,42
1,0,0
4,0,5
14,4,9
2,0,3
7,3,16
4,4,4
3,0,13
1,1,1
0,1,5
5,2,5
3,0,4
1,0,1
3,0,2
2,1,5
2,2,3
1,0,0
9,7,20
4,0,5
1,0,0
3,1,9
0,0,2
0,0,4
0,1,3
0,0,2
3,4,17
6,3,9
1,0,1
0,0,2
1,0,4
2,0,4
4,4,16
5,1,10
11,5,18
0,0,0
4,2,9
3,1,7
6,3,15
5,3,16
18,2,26
6,3,15
1,0,5
2,0,3
9,3,13
4,2,5
1,0,0
3,2,2
14,1,28
4,0,7
3,1,3
2,0,6
6,6,25
2,0,3
6,1,8
5,2,11
2,0,3
3,1,12
4,2,9
1,0,4
3,1,4
1,0,0
3,0,8
7,3,11
19,5,28
0,0,2
2,1,2
15,1,22
1,1,2
3,0,4
1,0,5
1,1,4
0,1,1
2,1,5
2,0,4
1,0,3
1,0,3
1,0,3
5,1,7
2,0,7
2,0,3
2,0,3
7,3,5
0,0,2
4,1,12
2,0,5
5,1,7
3,0,3
3,2,5
5,1,16
9,3,14
7,4,8
3,2,13
6,1,6
6,3,12
7,3,11
1,2,5
1,0,5
3,1,10
3,4,12
9,6,31
3,2,4
5,5,18
3,0,3
3,3,8
6,3,11
0,0,1
3,0,4
3,7,20
2,1,2
2,0,1
8,3,19
5,3,16
4,0,5
0,0,4
0,0,2
8,3,10
0,1,1
5,3,7
0,0,1
1,1,2
3,0,5
9,4,15
12,6,16
1,2,3
5,0,6
1,0,0
2,0,4
1,0,1
1,0,1
4,2,6
3,3,6
3,0,2
8,4,19
4,2,4
5,2,5
4,1,3
2,1,3
0,0,6
5,2,9
2,2,7
0,0,1
7,0,5
3,1,2
0,0,1
1,0,2
2,0,3
13,2,7
2,0,2
1,0,1
2,2,7
6,2,11
0,1,2
5,1,8
1,0,1
1,0,6
4,1,5
11,3,14
3,1,4
2,0,2
2,0,6
2,0,2
0,1,2
6,2,14
2,1,5
9,2,12
5,3,9
1,1,3
10,2,15
2,0,1
13,3,18
3,2,11
5,0,4
4,4,11
2,0,8
3,2,7
2,1,3
0,2,3
7,1,15
1,0,2
3,1,8
8,0,5
4,4,12
5,0,5
4,2,2
4,2,9
1,1,5
4,2,4
12,7,18
11,5,19
4,0,8
4,1,3
3,1,5
5,2,5
1,1,6
5,2,5
0,1,2
1,1,8
2,1,2
5,2,4
2,1,3
11,4,29
10,5,15
2,4,13
2,2,3
3,2,9
0,1,9
15,3,25
1,3,7
5,2,13
7,2,10
12,5,19
12,4,20
11,5,23
6,2,11
1,1,10
4,3,12
7,2,13
7,5,16
2,0,6
2,1,8
6,1,7
3,0,3
15,5,40
6,3,15
27,21,52
10,0,10
3,1,6
10,3,9
4,0,7
5,0,8
5,0,5
3,0,4
4,1,6
5,0,3
10,6,21
13,5,28
14,11,27
4,0,6
102,30,156
3,2,5
6,1,11
4,0,2
1,0,3
1,1,4
6,3,11
1,1,5
6,1,7
4,1,8
2,0,3
3,1,10
2,0,4
3,3,6
15,3,21
3,3,7
1,0,5
2,1,6
7,1,8
0,0,5
4,3,10
5,4,10
4,2,5
3,0,8
2,2,9
9,1,9
13,7,23
3,2,2
1,1,5
3,2,7
2,2,5
2,1,4
4,0,6
5,0,5
31,21,70
19,4,21
4,0,12
3,0,8
3,3,8
4,1,5
2,0,6
2,3,15
1,1,5
2,1,3
1,1,4
3,2,3
6,1,7
2,3,6
7,0,10
7,5,21
4,2,3
18,8,25
6,1,5
5,0,8
5,2,7
9,10,32
2,1,4
9,3,21
4,3,9
15,5,27
4,0,3
2,1,7
10,2,17
4,2,5
1,0,2
13,6,36
6,5,24
3,0,7
9,1,11
2,6,17
2,1,5
3,1,10
5,1,2
4,7,15
8,3,13
3,1,7
3,3,11
2,0,3
1,0,2
5,1,10
2,0,7
6,2,13
1,0,4
3,0,3
4,2,8
3,1,7
20,6,52
6,4,13
1,0,6
1,2,2
4,3,8
4,0,10
6,3,12
4,2,14
1,2,6
10,4,12
0,3,7
4,0,8
7,3,14
6,1,13
13,2,20
4,0,6
5,1,13
5,2,8
1,4,13
4,1,8
5,2,25
4,0,6
7,6,19
2,1,7
2,0,7
4,3,8
3,2,6
2,0,3
12,1,27
3,1,6
19,6,27
17,2,17
2,0,6
4,1,7
5,1,4
2,1,4
4,4,6
2,2,5
2,1,6
1,1,4
4,0,6
3,0,4
11,3,11
3,1,6
4,1,4
8,2,14
3,1,4
1,2,6
3,0,5
19,9,43
4,1,8
3,2,10
1,1,6
3,0,7
1,1,5
4,1,7
10,4,17
14,8,27
6,1,7
4,0,5
4,1,4
1,2,3
0,2,7
2,0,3
4,1,4
21,5,26
7,1,9
1,2,7
6,2,6
2,4,12
9,4,17
7,6,18
5,1,6
5,2,5
5,0,4
2,3,4
11,2,11
3,1,3
9,2,9
19,7,34
3,0,8
7,5,19
4,3,7
2,1,4
7,4,7
1,0,7
8,4,21
0,1,3
1,0,7
3,1,11
2,1,12
3,0,2
6,2,7
3,1,4
19,3,40
4,4,15
4,0,7
6,0,7
7,2,13
1,2,7
1,1,8
7,0,9
3,0,4
4,1,7
9,2,17
4,4,6
4,1,6
4,1,14
8,1,8
11,1,9
6,2,9
7,2,10
21,8,51
7,0,10
3,1,1
2,2,7
13,5,14
3,1,7
5,1,6
17,3,26
4,5,15
4,3,14
12,1,11
6,0,3
2,2,9
6,0,6
6,0,8
5,3,8
9,4,28
5,3,2
3,0,7
13,4,15
6,6,17
1,0,4
2,2,21
11,4,7
6,1,22
3,2,8
2,2,2
4,1,10
5,1,6
3,1,3
2,0,7
2,1,7
6,5,16
5,0,8
1,0,5
5,1,3
5,0,5
2,2,3
1,3,5
3,4,11
13,1,9
4,0,6
50,13,106
5,1,7
3,3,6
4,1,6
3,0,7
4,2,4
13,9,21
2,0,5
2,1,3
4,2,4
3,5,21
6,0,3
1,0,7
6,2,8
11,9,29
10,2,11
8,4,18
6,2,7
6,2,7
5,0,7
3,0,4
0,0,1
4,1,11
4,1,5
11,5,20
4,2,13
11,1,12
13,4,18
2,1,8
2,2,6
1,0,1
5,1,3
1,0,3
2,2,4
3,1,5
3,1,5
1,2,4
4,5,17
4,2,9
4,3,15
4,2,7
5,1,4
4,1,5
6,3,16
1,1,7
20,10,26
5,7,11
3,0,1
4,1,5
2,2,3
4,0,6
1,1,6
20,7,28
3,0,2
17,7,34
5,1,8
4,1,5
2,1,4
12,5,31
5,1,13
3,3,14
4,2,9
1,1,8
2,2,5
9,5,18
7,4,10
4,2,14
13,6,17
14,5,20
3,2,5
2,1,9
1,1,3
1,2,5
4,2,10
5,0,9
17,4,31
9,3,17
7,1,11
7,2,12
10,5,23
4,2,10
1,1,5
8,1,11
4,0,3
9,4,15
1,1,5
2,2,5
1,2,10
5,2,12
0,1,4
3,1,5
4,0,8
2,2,8
11,1,16
1,0,10
6,1,8
2,3,7
1,1,6
5,2,4
3,4,8
8,4,18
2,4,16
1,1,3
2,1,11
13,2,15
2,1,4
1,1,8
9,2,14
2,2,15
10,2,9
3,2,5
9,3,8
3,3,5
10,5,22
3,3,4
3,0,4
4,0,3
3,2,4
5,4,12
6,0,4
2,2,6
20,4,36
3,1,4
8,2,12
5,0,3
6,4,15
7,4,11
9,2,13
3,1,5
4,0,11
2,0,2
1,0,5
6,3,12
5,0,8
2,1,6
3,2,5
6,1,7
6,1,9
15,5,21
2,3,9
2,0,6
8,3,20
3,0,5
1,2,9
6,1,13
7,3,13
2,4,12
2,1,6
2,0,8
0,2,5
0,1,6
1,1,2
3,3,7
7,1,5
4,0,4
3,1,9
3,3,6
9,1,13
2,4,7
4,1,4
2,2,7
3,4,9
1,0,6
6,3,9
0,2,5
3,0,6
4,2,12
2,1,3
14,7,22
3,0,6
4,1,7
2,0,3
7,3,21
2,2,8
6,2,9
8,5,17
6,3,9
5,2,12
8,0,4
5,3,12
2,1,7
1,0,1
3,1,6
1,1,5
3,2,1
28,14,53
5,0,5
0,1,5
3,2,8
5,2,10
11,4,11
9,1,24
2,1,6
1,1,7
5,2,9
4,1,10
6,0,8
6,4,24
3,1,3
4,4,5
4,3,11
4,2,8
6,3,5
2,0,5
3,0,5
4,1,10
3,2,7
3,1,8
7,7,30
3,1,4
1,0,5
5,2,6
3,1,5
2,2,14
1,1,6
2,3,6
6,1,11
1,1,5
4,0,6
7,2,19
6,4,15
2,2,3
7,1,18
12,3,14
1,0,6
2,1,3
6,3,14
17,12,47
3,1,7
4,0,7
1,2,11
2,1,7
3,3,10
6,1,11
5,1,10
0,2,6
10,4,8
8,7,13
9,2,11
7,3,12
4,2,11
5,1,10
2,0,5
7,2,8
6,0,4
6,1,9
7,3,16
4,1,11
2,1,4
4,5,6
7,1,6
1,1,4
1,2,6
3,0,4
52,19,123
4,1,5
4,2,6
5,1,6
12,5,22
11,4,16
5,1,5
2,2,4
1,0,3
8,1,10
2,0,3
4,1,11
4,1,1
3,0,6
3,1,8
4,1,8
3,3,12
3,1,8
2,0,10
16,6,22
1,1,5
7,1,8
8,6,22
2,0,6
9,5,21
3,5,14
2,1,5
3,0,8
3,0,2
4,4,7
3,1,5
4,3,11
2,1,11
4,2,13
3,1,8
6,2,7
5,1,7
3,3,11
1,1,3
2,0,5
10,2,10
6,5,8
3,1,5
4,2,6
4,0,9
11,4,9
7,5,18
1,1,5
4,5,13
2,0,5
5,0,7
2,0,4
2,1,5
3,7,17
4,2,10
5,1,17
5,5,17
1,0,1
2,2,5
1,2,5
9,2,15
7,5,23
3,1,10
3,0,7
2,1,5
13,5,26
2,1,8
7,6,24
2,0,7
0,1,8
1,2,3
8,1,6
1,1,5
1,3,8
6,1,8
10,4,18
8,0,5
2,3,6
0,0,5
17,5,22
4,1,3
6,3,8
2,0,4
11,1,14
3,1,8
26,10,61
1,0,4
2,0,4
2,3,6
5,1,3
5,5,11
7,2,4
3,1,5
6,3,9
4,1,10
3,0,6
5,0,5
1,1,4
10,2,9
4,2,12
2,1,4
2,1,1
5,0,4
3,2,7
10,4,16
8,3,20
9,4,17
5,2,15
11,2,20
9,2,10
10,3,12
5,0,5
4,4,12
2,0,7
7,4,13
12,3,13
6,1,8
5,2,5
10,4,18
2,1,3
3,1,6
34,9,47
26,9,49
3,1,7
5,2,10
3,2,3
9,0,15
3,6,11
8,0,7
3,1,8
1,5,10
8,2,16
2,3,4
2,1,5
1,0,4
3,1,2
2,0,4
7,1,14
5,2,14
10,3,15
3,2,9
4,3,7
19,15,51
5,1,6
1,1,9
3,0,5
3,2,10
6,0,4
2,1,4
1,1,7
5,0,6
3,0,5
14,7,20
5,1,8
3,2,6
9,3,11
2,1,6
3,6,16
3,1,5
6,1,1
4,3,26
4,2,6
3,0,3
2,3,4
5,2,9
2,0,7
2,2,10
21,4,26
19,20,57
7,2,7
5,0,5
5,2,9
4,0,10
2,1,2
8,3,9
17,15,41
3,3,6
3,4,13
6,2,5
3,1,2
5,1,6
6,3,17
2,0,6
6,1,8
0,2,3
4,1,4
4,1,3
5,3,11
1,1,3
3,2,3
2,0,6
4,2,8
3,1,3
2,0,4
2,1,7
3,3,5
3,1,5
5,1,4
4,0,4
7,4,14
3,0,5
8,5,25
7,1,14
3,1,5
2,0,3
2,1,7
3,3,8
3,1,4
3,0,4
4,0,7
5,6,9
15,11,16
5,0,2
10,6,21
11,3,11
7,1,10
5,1,6
3,0,6
3,0,7
3,0,5
10,3,20
3,1,6
3,0,6
18,5,24
6,0,11
8,6,21
9,6,28
7,2,18
3,1,9
1,0,1
13,3,16
9,3,20
7,0,7
2,1,3
1,1,3
3,1,5
4,2,4
6,2,11
3,3,8
3,4,14
4,1,3
2,0,5
11,9,34
5,1,7
2,2,6
2,1,6
3,1,2
3,1,5
5,6,16
12,5,24
11,4,18
10,2,15
14,2,34
5,0,7
2,1,2
24,4,32
16,3,18
5,0,3
8,7,19
4,0,9
4,1,9
0,2,3
1,0,5
3,2,6
7,6,15
9,2,7
2,1,7
4,0,3
2,1,5
4,2,5
5,5,15
3,4,5
2,0,7
5,3,11
3,0,11
6,2,10
11,2,11
6,0,4
1,2,4
4,1,6
5,0,3
5,1,13
3,1,2
5,0,4
6,5,14
10,9,15
3,0,3
6,1,4
3,2,9
4,1,5
7,1,8
2,2,5
3,2,9
1,0,5
6,1,6
7,2,10
14,2,29
6,2,7
3,1,6
2,0,4
19,3,22
2,2,2
6,2,8
2,1,6
2,2,5
12,1,19
2,1,6
1,0,6
1,1,9
0,0,6
1,1,4
1,2,6
4,0,5
5,4,7
0,0,9
3,0,5
2,2,8
9,2,10
8,1,12
4,3,6
1,0,5
2,2,16
1,2,8
4,7,15
2,2,4
3,1,3
2,3,5
16,9,31
8,1,10
2,1,5
16,11,29
4,2,14
8,2,13
6,3,15
7,0,8
6,3,19
6,2,6
14,7,27
54,17,85
5,3,10
2,1,9
0,2,4
9,5,23
1,0,5
7,5,13
11,4,15
4,3,10
1,2,4
3,3,16
6,0,7
4,3,11
3,1,10
10,6,15
7,1,9
5,2,7
8,5,18
1,2,11
12,8,18
7,5,21
7,4,8
15,5,24
1,1,5
7,5,19
0,0,7
1,3,5
19,8,22
8,4,13
1,3,8
2,1,4
2,2,7
4,0,6
3,2,4
2,1,4
11,4,17
4,1,5
3,1,6
9,2,22
5,3,3
1,3,11
1,1,6
4,1,2
1,0,5
4,1,5
5,0,5
3,1,6
6,4,14
7,1,4
2,1,6
3,3,4
1,1,10
1,2,3
5,1,8
7,1,10
4,1,2
6,1,4
4,1,11
3,2,4
5,4,4
2,1,4
5,1,12
7,2,16
1,1,4
7,3,16
7,3,11
1,1,8
1,0,4
6,2,9
4,1,9
3,1,7
1,0,5
4,1,8
8,4,19
1,3,11
4,0,6
4,0,10
7,2,9
3,0,5
5,4,16
4,1,2
0,4,8
5,0,5
1,0,1
7,1,10
7,3,15
5,0,2
1,0,7
2,0,4
3,2,6
5,2,4
2,0,8
4,0,4
4,0,6
2,1,5
1,0,6
5,3,9
5,2,9
18,7,38
4,0,4
4,2,7
10,3,20
6,0,8
8,2,5
7,4,11
2,1,5
5,0,6
4,1,17
2,1,11
5,1,6
6,1,10
4,0,5
6,1,7
4,0,5
17,5,18
12,8,23
9,0,8
4,3,8
4,0,4
12,7,29
3,3,8
6,3,8
5,5,28
8,3,6
4,0,4
1,0,6
1,0,10
6,1,5
5,2,3
5,2,9
1,1,5
3,2,9
4,1,8
26,15,63
2,0,4
4,1,6
6,1,3
6,2,12
7,5,17
7,4,12
0,1,5
1,1,5
2,2,10
1,0,8
11,1,15
14,0,17
8,1,16
1,1,6
2,1,5
24,13,61
5,2,5
4,0,1
12,10,14
4,3,9
4,2,5
3,0,6
11,6,25
7,1,10
4,1,5
7,3,16
5,4,11
2,1,5
3,0,7
1,2,5
4,0,3
1,1,8
10,8,19
11,2,24
3,2,2
12,9,45
7,2,14
3,4,5
4,1,5
0,2,6
5,0,11
8,4,15
3,2,4
20,12,35
3,3,6
5,0,9
3,1,6
8,2,11
3,1,4
8,2,19
6,6,20
3,1,6
6,1,7
3,1,5
6,9,22
4,0,8
9,3,17
5,1,11
1,4,6
6,2,4
7,0,8
2,2,8
2,1,6
6,0,10
3,1,5
1,1,5
3,0,8
0,2,6
1,0,4
3,2,14
11,7,19
4,1,5
3,4,7
5,4,12
6,0,4
14,4,23
15,8,40
7,1,11
0,0,2
24,10,41
6,2,14
6,1,9
3,1,4
5,2,8
7,1,8
21,10,41
2,2,5
2,1,3
8,9,20
2,1,5
1,0,2
5,4,3
8,3,13
6,3,9
2,0,5
7,2,18
11,7,15
2,0,3
2,0,3
3,1,7
5,1,8
2,3,8
1,3,5
3,0,7
4,0,5
2,1,11
6,1,11
3,1,8
0,1,4
6,4,11
11,4,22
3,0,3
4,1,7
1,0,5
4,3,7
3,2,5
12,2,20
5,3,11
4,2,6
3,2,7
6,1,16
9,3,13
3,1,6
4,0,6
4,3,9
2,1,3
6,5,12
3,0,9
2,0,7
12,6,17
7,2,9
16,6,21
2,0,7
4,1,4
2,0,5
3,1,5
10,2,18
2,0,7
12,5,20
5,2,10
3,2,4
6,2,6
5,0,6
10,1,6
4,2,4
2,2,3
5,1,13
2,1,6
5,2,6
3,1,7
2,1,2
9,4,21
5,1,4
2,1,4
5,2,7
4,3,7
2,3,2
6,10,22
9,1,18
1,1,8
7,2,17
3,0,6
9,4,14
1,0,4
2,1,7
1,1,5
4,1,8
7,1,9
3,0,7
4,8,26
22,12,40
4,3,13
1,3,13
3,1,7
4,2,7
1,1,8
21,8,37
2,1,7
9,4,10
9,1,15
3,3,9
2,0,5
9,5,27
7,10,17
8,3,12
8,7,20
7,2,10
6,1,11
8,0,11
2,1,5
14,2,20
8,1,15
3,0,5
2,3,6
4,3,11
2,2,1
2,1,2
7,4,14
4,1,8
2,1,6
4,3,7
6,0,11
8,2,16
18,8,21
4,1,4
14,7,34
12,6,34
9,3,12
18,11,40
5,2,7
13,0,16
7,3,16
12,3,22
2,2,8
1,1,6
1,3,6
3,1,4
9,5,26
10,6,17
3,1,9
3,1,2
13,6,24
8,2,7
3,0,8
3,3,14
1,2,5
4,0,9
10,7,36
2,1,8
10,1,20
7,2,12
1,4,4
7,1,7
4,3,6
8,5,6
48,20,79
15,6,33
0,1,5
10,3,13
0,0,7
26,10,45
3,0,3
3,4,6
12,8,20
6,2,5
9,1,8
8,1,15
7,1,7
6,7,11
3,5,10
19,11,33
17,8,38
6,3,6
21,6,29
6,1,6
4,0,4
18,5,18
4,1,8
1,2,12
3,0,5
6,2,8
9,5,17
2,4,12
2,2,3
5,1,7
7,1,19
10,2,14
9,3,20
0,2,5
0,1,13
3,1,5
5,3,9
4,2,4
6,1,10
0,1,5
3,0,6
4,0,4
4,1,4
1,0,5
7,2,10
4,0,9
3,1,10
1,4,6
5,5,20
13,9,43
12,3,18
3,1,6
1,2,7
4,0,4
6,2,12
2,3,6
1,0,6
1,0,3
18,8,31
3,1,5
2,2,6
2,1,9
9,4,15
2,1,2
18,12,36
4,2,7
3,1,7
4,3,5
40,18,86
1,2,6
3,2,7
3,1,5
1,0,7
4,1,4
6,3,7
12,7,21
2,3,7
2,1,10
5,2,6
6,2,8
5,0,8
14,5,23
6,5,10
8,3,8
0,1,4
20,6,28
3,0,9
4,3,8
8,2,16
4,2,7
13,2,18
5,1,8
8,3,22
1,1,6
8,4,14
6,3,8
1,2,5
3,2,1
14,5,22
14,10,38
3,0,8
6,4,6
2,1,6
2,0,4
6,3,10
10,6,33
4,0,0
12,3,19
5,1,15
5,1,12
9,4,13
4,2,4
22,7,45
12,2,15
2,2,3
15,4,24
3,2,4
4,4,10
5,1,4
13,1,17
3,0,4
1,2,5
1,4,14
14,4,14
6,6,21
12,3,13
1,1,6
14,4,23
1,1,6
5,1,15
2,3,8
3,1,2
5,1,9
11,8,29
2,0,5
9,6,13
3,1,8
6,2,10
8,2,12
4,4,10
4,2,4
0,1,6
6,0,9
3,3,7
5,0,8
5,1,6
3,1,3
7,4,22
3,4,10
2,1,6
10,2,15
8,4,13
6,1,5
2,1,4
4,1,9
4,0,4
8,4,13
5,1,4
4,1,13
8,6,12
6,0,11
4,5,14
3,2,7
9,3,14
0,2,7
8,1,12
2,1,5
4,5,8
0,2,4
1,1,2
2,1,5
3,1,5
3,1,4
3,0,4
5,2,12
7,7,17
2,2,8
4,1,11
7,0,7
5,1,9
2,2,5
29,8,45
2,2,4
5,2,2
1,0,8
3,1,3
1,1,4
13,2,21
1,1,8
11,4,16
1,1,4
3,2,5
0,0,6
3,0,4
3,2,5
5,1,10
7,2,10
4,1,4
4,2,6
3,3,11
6,3,13
12,5,15
2,1,7
3,2,3
1,1,4
2,0,9
3,1,6
8,8,23
1,2,7
10,5,18
4,0,6
4,1,8
3,1,8
4,4,13
4,2,9
8,3,23
4,2,6
4,2,9
4,0,6
11,2,18
1,4,8
0,2,5
3,0,2
1,1,12
1,1,6
1,1,3
13,3,15
4,2,10
4,3,7
11,6,22
3,3,8
9,5,13
2,0,6
6,2,11
6,3,8
4,0,9
3,0,4
10,4,9
7,1,24
5,1,7
7,1,7
4,1,10
4,1,17
10,7,25
8,2,11
2,4,14
3,0,9
5,1,7
2,0,5
4,1,5
10,1,5
7,4,13
2,0,5
3,3,6
3,1,4
5,0,5
5,1,3
1,0,5
6,5,10
4,1,9
3,1,8
9,5,21
3,4,16
8,4,17
5,2,6
1,0,3
6,2,8
5,4,15
3,3,7
8,2,11
6,0,4
2,0,5
2,1,8
5,0,13
5,0,11
3,0,4
3,0,6
2,0,5
4,0,6
5,1,6
8,2,10
11,3,11
5,2,13
1,1,8
4,1,8
2,2,4
2,1,6
25,7,44
5,1,7
2,0,3
1,2,6
6,7,21
5,2,5
4,2,6
2,1,6
4,2,10
4,1,5
3,5,28
9,4,10
8,6,15
2,3,14
5,1,9
2,2,4
2,1,3
5,1,4
8,3,16
3,1,3
3,1,6
2,1,16
5,3,7
4,4,11
3,0,5
3,4,5
3,1,8
7,5,6
3,1,2
5,0,3
7,5,9
1,0,1
4,0,11
1,0,0
3,1,3
14,7,33
2,1,5
20,8,35
9,7,12
6,0,6
6,3,23
7,3,8
15,6,30
4,1,4
5,1,8
5,0,10
7,2,7
4,0,6
2,4,5
6,4,12
15,4,31
5,0,4
4,3,7
5,3,8
3,0,5
4,0,6
5,1,6
3,1,6
3,1,5
6,3,12
5,4,16
4,0,6
3,0,5
1,1,2
0,1,5
4,1,7
2,2,7
7,2,12
7,3,6
3,2,10
4,1,8
5,5,22
1,2,3
1,1,3
4,1,4
2,5,12
2,1,4
3,0,3
0,2,6
1,1,7
4,1,4
17,6,37
6,3,12
6,0,9
16,7,27
0,1,6
2,1,7
0,0,10
4,0,4
1,1,6
2,1,6
8,1,6
10,4,8
7,4,11
1,3,7
10,7,23
4,3,3
11,1,16
6,1,11
6,2,9
5,2,8
4,0,6
3,1,5
2,1,13
2,1,4
1,0,7
2,0,6
3,2,3
6,4,11
3,1,2
1,1,10
6,6,27
2,0,3
5,5,13
13,13,32
3,1,12
1,2,9
7,3,7
2,0,6
4,3,10
3,1,11
2,1,9
0,1,4
3,1,6
2,3,7
4,0,5
2,0,5
9,2,10
22,4,25
1,2,5
3,1,6
23,5,26
5,3,6
4,0,5
2,0,6
2,1,4
6,2,8
3,0,5
3,1,5
17,3,22
5,2,7
2,2,3
4,1,2
20,4,24
6,1,3
8,2,15
6,2,14
3,0,3
4,1,8
4,0,8
5,1,5
3,1,10
5,4,14
10,8,19
2,0,12
6,3,10
5,0,8
4,0,4
0,1,6
7,1,13
4,1,7
3,0,14
6,5,7
6,3,8
5,4,9
2,2,3
17,12,38
4,1,8
33,5,47
1,1,3
3,4,14
14,2,14
3,1,5
2,2,10
4,1,7
3,0,8
3,1,4
14,2,26
0,1,9
2,0,7
11,2,14
4,0,6
6,1,14
8,3,7
6,1,7
3,1,6
6,1,9
10,6,20
3,3,8
4,1,6
3,1,3
3,2,4
6,1,16
2,1,7
0,3,16
5,3,7
1,2,12
6,1,8
12,8,17
16,8,28
6,0,2
4,1,4
16,4,21
2,1,3
4,4,11
3,3,4
10,3,9
2,1,6
4,1,9
3,1,7
11,0,18
2,1,3
2,1,4
8,6,18
6,1,8
3,1,4
3,0,2
1,3,7
3,1,6
6,1,12
6,4,9
3,2,4
6,1,8
5,2,7
14,4,23
6,1,5
5,1,6
4,1,4
6,1,8
21,9,40
2,2,5
2,1,3
4,1,9
4,1,7
5,1,7
6,1,9
6,2,11
6,2,7
36,8,54
4,3,5
7,2,9
2,0,5
5,0,4
2,1,3
3,0,9
3,1,12
4,1,8
9,2,10
2,1,1
14,6,27
3,0,2
0,2,8
5,1,4
5,1,8
2,1,4
9,2,8
5,2,8
4,0,8
1,0,8
1,2,8
3,2,5
5,1,6
5,4,11
6,0,6
12,3,25
8,0,12
6,2,8
13,4,14
2,3,6
4,2,5
3,0,8
2,1,0
8,3,13
8,1,19
7,4,21
9,3,19
6,0,6
5,2,8
5,2,12
11,3,13
3,1,9
2,3,8
16,9,25
15,6,27
3,0,9
3,1,6
2,3,9
3,1,7
7,0,5
5,2,10
14,2,20
5,3,6
3,4,10
8,5,14
8,2,11
5,3,14
1,0,5
15,6,19
5,1,11
2,1,6
3,0,5
9,7,19
17,5,26
4,0,7
1,3,4
8,4,8
2,3,7
3,0,7
4,0,5
6,1,10
5,1,2
8,1,16
7,1,9
5,6,18
6,1,4
3,1,6
6,1,19
3,1,7
6,1,13
4,1,6
13,2,23
3,0,9
5,3,14
6,1,7
6,2,10
2,1,8
11,3,18
4,1,7
9,1,13
4,2,6
6,7,24
15,5,21
12,3,20
2,1,6
4,1,5
4,0,10
8,1,6
2,0,5
2,0,5
3,0,5
11,2,9
6,1,4
10,7,19
2,2,6
2,1,9
8,4,21
8,2,11
2,2,13
5,4,8
8,3,9
3,1,5
5,2,5
4,3,8
20,6,24
3,1,5
3,1,5
3,1,4
4,4,13
3,0,2
3,1,3
5,1,10
5,2,20
8,6,18
4,3,10
13,4,31
6,5,11
14,3,19
6,5,12
9,1,13
2,5,15
7,4,8
0,2,6
3,1,3
3,0,9
2,0,4
4,1,11
4,1,3
6,0,5
4,1,9
10,2,18
11,4,20
5,0,7
1,1,4
8,2,16
3,1,9
23,15,65
1,2,7
5,3,9
5,2,7
2,0,5
5,0,4
6,2,10
5,1,9
5,0,7
3,1,3
6,0,6
3,4,6
3,1,4
1,3,2
4,1,3
20,13,38
5,2,9
6,1,5
2,1,6
3,1,4
2,4,9
2,0,7
0,1,5
9,4,13
3,1,5
3,2,9
4,4,7
6,1,8
1,0,5
4,0,7
9,6,19
4,0,6
5,4,11
10,6,15
3,1,3
17,9,21
4,1,10
6,1,7
2,2,3
5,2,4
6,2,20
2,0,4
6,2,16
12,10,34
2,2,6
3,1,5
9,4,17
27,9,51
4,5,8
5,1,9
5,1,8
1,1,5
5,0,7
5,4,9
0,1,5
2,1,5
5,2,13
3,0,4
11,8,20
1,0,4
5,1,6
4,1,5
25,13,42
6,2,10
5,1,9
3,2,8
5,1,3
3,0,14
2,0,6
2,1,5
10,5,25
7,2,16
17,6,27
3,0,15
3,2,11
4,0,10
4,2,7
6,2,9
4,3,10
3,0,7
5,1,9
2,2,4
6,3,13
3,1,10
9,1,16
11,4,18
19,9,22
3,1,6
2,0,3
2,3,10
12,8,28
2,0,5
5,0,8
1,1,6
2,3,8
6,2,11
23,8,40
4,3,9
6,8,15
6,3,18
2,1,6
8,2,15
4,1,4
6,4,17
6,2,6
6,2,8
0,1,2
3,0,7
8,4,21
2,0,4
11,4,23
3,3,6
3,2,8
1,1,3
2,1,6
8,5,14
3,2,2
7,0,10
4,2,10
9,2,20
3,0,5
10,1,14
2,0,11
8,2,8
0,2,5
8,2,13
1,1,7
2,0,4
4,0,11
1,1,3
11,5,22
6,3,6
3,1,8
16,12,39
5,1,8
5,0,8
13,4,25
4,0,2
3,2,5
3,1,5
8,7,13
2,2,5
16,7,36
1,1,5
3,2,8
3,0,5
3,3,16
5,0,5
0,0,4
4,1,8
3,0,5
7,1,12
5,2,8
3,0,5
3,2,10
4,0,5
4,1,6
1,0,6
3,3,14
21,6,46
5,3,7
5,1,9
6,6,9
11,4,23
8,9,24
6,3,7
6,6,7
13,1,8
2,0,7
3,1,6
2,1,4
5,1,8
12,6,29
1,0,5
5,1,8
3,1,9
12,6,24
2,0,8
31,6,58
6,2,7
14,5,33
5,2,9
4,1,7
6,3,13
7,1,12
7,6,18
6,4,12
12,5,22
112,45,215
3,0,5
4,2,14
6,0,7
1,2,7
12,7,19
3,1,6
13,9,36
5,4,13
3,0,7
4,2,3
22,8,44
1,1,2
2,0,4
2,2,7
3,1,7
3,1,6
3,0,6
11,1,19
6,4,14
6,0,5
2,1,4
4,2,7
7,0,7
22,5,32
14,4,21
5,2,18
5,2,5
4,2,12
2,0,5
2,0,5
2,1,4
2,1,5
4,4,15
7,2,6
3,3,6
0,0,6
1,0,7
12,2,16
6,1,4
7,5,14
7,4,17
12,5,26
6,2,10
4,0,5
8,4,7
1,1,6
10,7,23
5,3,5
1,2,2
7,2,11
2,2,2
4,2,7
6,2,3
0,1,5
9,1,16
1,1,7
1,2,6
1,0,4
3,1,8
17,5,31
2,3,6
4,5,3
3,1,9
3,2,11
0,3,4
4,2,17
4,2,5
1,2,8
6,2,12
2,5,11
12,2,17
2,1,8
8,4,21
12,2,17
15,0,13
19,16,38
2,1,3
1,2,5
2,1,6
4,0,6
5,1,9
10,4,28
6,7,22
6,0,7
10,1,13
1,3,3
2,0,3
5,2,7
6,1,3
2,1,5
0,1,4
8,3,10
15,1,19
1,0,3
4,1,6
5,2,3
1,2,7
2,1,5
2,0,6
12,4,18
6,2,3
4,0,4
8,2,22
5,2,5
5,1,6
8,4,12
1,1,3
8,8,23
1,3,6
2,1,3
4,1,7
2,2,5
1,0,7
12,7,23
5,2,9
9,2,16
3,2,3
4,1,5
4,1,3
6,3,13
2,0,3
8,0,4
5,3,11
1,2,4
4,1,4
7,1,12
3,3,11
2,1,5
13,4,23
13,3,21
0,1,2
2,1,19
5,4,9
4,1,9
4,3,14
18,10,33
1,1,2
5,2,6
4,1,9
6,1,5
1,3,8
6,5,10
3,3,14
3,0,2
16,6,30
4,3,10
13,2,18
5,2,3
6,6,19
3,2,12
5,3,7
3,1,5
3,0,4
5,2,12
5,0,7
2,1,6
2,1,4
0,0,6
5,5,10
10,1,21
7,3,14
3,0,3
5,0,3
8,1,11
14,4,18
5,2,15
2,2,1
5,5,11
0,0,4
3,1,7
2,2,4
10,3,11
3,3,8
2,1,13
1,1,4
6,0,9
4,1,8
6,3,6
8,2,11
15,6,22
22,9,37
2,1,4
19,8,45
4,0,8
4,0,7
7,4,22
5,3,10
5,0,7
3,4,7
9,1,14
47,11,58
2,2,3
3,0,2
2,1,5
4,0,10
1,0,5
3,2,7
2,0,5
4,3,6
5,0,4
10,6,36
4,3,5
3,0,8
2,0,4
3,0,7
10,3,14
1,1,5
2,1,5
2,2,5
5,3,4
1,2,4
3,0,7
4,0,6
1,1,2
6,1,14
3,0,5
2,1,7
2,3,8
2,1,8
19,13,41
3,0,8
19,6,35
11,5,11
4,6,21
2,3,12
5,3,9
1,1,3
8,2,15
4,0,3
5,3,12
5,0,8
11,1,13
11,4,21
3,0,1
16,8,25
2,1,6
9,5,21
4,0,4
5,3,10
6,3,12
2,1,5
15,5,28
3,0,1
6,1,6
1,0,4
3,2,10
7,5,13
7,3,12
5,0,6
8,0,9
2,1,4
4,1,8
4,3,9
1,1,5
4,2,3
0,0,8
3,1,8
8,4,19
5,0,6
7,4,15
4,2,7
8,10,25
2,1,7
7,1,10
7,1,8
3,0,7
2,2,7
2,2,6
6,2,9
10,3,8
4,0,6
2,1,8
2,1,6
2,1,6
6,0,10
14,9,25
14,11,34
1,0,3
3,2,4
15,10,23
6,3,12
2,1,6
5,0,7
10,3,17
5,1,5
2,2,13
1,0,6
3,2,5
1,1,5
1,3,5
1,1,3
3,4,5
2,0,8
3,0,7
1,1,4
3,0,5
3,1,7
7,2,5
6,2,11
30,9,62
9,2,21
8,1,10
3,0,6
4,2,16
6,3,9
3,3,4
6,1,9
4,2,5
3,0,4
2,0,7
13,3,23
2,2,5
6,4,6
4,0,7
10,8,21
4,1,3
5,5,13
1,2,6
6,4,9
1,1,7
3,1,8
3,0,5
1,2,5
4,1,7
3,0,3
4,4,8
6,0,6
3,2,7
6,1,13
7,3,10
4,0,5
4,3,12
2,0,5
6,1,7
3,3,7
6,1,6
4,0,4
0,1,5
8,6,12
1,1,3
7,3,19
1,1,5
2,0,3
2,1,3
1,1,2
3,1,9
2,0,3
3,2,2
14,3,39
15,2,12
5,3,13
3,5,9
4,2,11
2,2,3
6,7,23
6,0,4
30,13,44
3,1,11
6,1,8
8,4,13
0,0,4
27,11,40
4,2,9
12,8,37
4,2,6
12,5,19
3,1,10
3,1,3
3,1,9
7,0,8
12,7,26
3,1,6
4,0,5
2,1,4
5,0,6
21,4,26
5,1,4
2,1,2
4,4,9
4,2,6
7,3,18
3,0,8
2,0,4
3,0,3
3,1,4
3,2,6
3,3,13
5,1,7
3,2,10
5,3,5
4,1,6
8,5,17
1,2,3
3,1,6
6,0,12
7,1,3
4,1,6
0,1,3
3,2,3
1,1,6
5,3,13
0,2,7
3,2,6
4,1,7
2,0,6
3,4,8
3,0,5
16,3,28
6,2,15
12,5,23
2,4,11
4,1,2
4,3,11
3,0,7
5,1,6
0,1,6
10,3,20
9,4,9
15,4,31
4,3,10
4,0,5
16,3,22
4,2,11
2,1,5
7,0,8
3,4,8
2,1,8
1,2,5
2,0,5
3,6,7
3,0,3
0,0,5
6,4,12
1,0,6
2,2,3
10,4,27
7,1,5
2,1,5
10,2,9
2,2,7
6,2,5
2,1,6
0,2,5
6,2,8
10,2,10
4,1,4
3,2,5
4,4,6
2,2,6
6,2,25
5,3,5
5,2,8
7,0,10
4,0,4
3,2,5
11,3,24
5,3,9
5,2,8
5,2,10
0,3,18
2,0,3
5,3,12
1,1,5
5,1,5
1,1,6
0,0,3
3,0,6
6,2,9
2,1,9
5,2,10
2,1,9
1,1,3
4,1,3
7,5,17
6,1,8
2,0,6
2,1,9
0,1,1
3,1,5
3,1,8
12,1,14
7,1,8
4,2,4
17,4,12
3,1,7
2,0,4
8,2,13
2,2,6
5,2,5
1,1,4
2,2,6
2,0,6
5,2,7
2,1,7
5,3,15
4,3,10
3,2,5
0,2,3
3,3,12
1,4,9
3,5,15
1,3,4
5,1,12
7,0,10
2,0,4
2,4,6
3,1,5
0,1,7
3,0,4
3,1,5
3,2,6
4,0,1
6,3,8
2,2,1
9,0,12
5,2,6
2,0,4
1,0,3
4,0,4
5,4,27
5,0,6
4,1,5
2,0,3
5,1,10
2,1,6
4,0,3
5,1,9
2,3,5
2,1,9
4,0,5
11,1,10
6,1,13
5,0,3
3,1,3
3,1,6
4,2,1
3,0,2
7,0,10
3,0,8
12,1,9
1,0,1
7,0,6
1,2,6
20,5,31
2,1,3
6,3,12
3,0,5
2,1,8
3,0,7
7,1,10
5,1,5
3,0,5
2,2,4
0,3,5
3,0,5
3,1,6
3,0,6
2,2,10
10,6,22
3,2,5
2,1,3
3,0,6
4,1,13
3,0,6
4,0,5
24,9,44
10,4,21
7,0,8
1,2,6
9,5,21
8,4,13
13,7,21
3,2,7
7,1,8
7,2,27
4,0,8
4,4,6
8,0,9
5,3,10
8,3,14
23,10,40
10,4,20
2,5,9
1,0,1
0,3,4
5,1,3
5,3,13
1,2,5
8,3,15
8,1,15
4,0,4
1,2,3
4,2,5
5,0,14
12,8,28
11,3,12
4,2,11
9,1,9
11,0,11
11,3,13
3,1,8
6,1,7
10,4,23
17,8,48
6,2,16
16,3,25
4,5,7
3,1,7
7,3,16
4,1,22
6,0,7
4,0,8
13,6,27
8,6,14
3,2,7
3,1,6
3,1,9
7,0,9
4,0,4
2,0,3
2,2,4
6,0,4
2,1,3
4,6,11
3,0,5
4,3,10
2,2,11
3,0,10
4,3,6
8,8,19
4,0,6
4,1,8
2,3,11
1,1,8
8,1,17
8,5,16
7,2,7
1,3,7
22,7,37
2,2,7
5,2,8
1,0,8
9,3,14
3,1,6
4,1,5
3,0,2
9,4,20
11,4,14
2,0,4
3,5,12
4,0,4
8,4,8
14,4,26
9,11,29
3,0,4
6,3,21
2,0,7
7,4,16
5,2,18
11,1,15
2,5,17
7,4,13
1,2,8
4,1,7
1,1,6
6,1,3
3,0,2
5,0,6
13,10,17
19,4,22
23,16,70
7,6,21
7,3,16
4,4,7
6,1,7
2,0,5
4,2,4
21,5,39
11,2,25
9,3,7
27,5,59
9,4,18
1,1,7
5,2,14
8,3,17
7,2,13
2,4,15
9,1,4
10,2,16
3,3,9
4,2,2
3,0,5
10,7,18
7,7,12
6,1,13
20,10,30
12,7,27
1,1,5
15,4,18
3,2,7
6,0,11
3,1,5
6,4,12
7,3,7
2,2,7
3,0,5
2,0,5
8,2,10
4,0,5
2,1,3
6,4,7
9,4,10
4,1,9
5,2,9
7,3,8
7,2,14
11,6,13
2,2,6
7,2,8
13,0,15
9,4,20
8,6,12
10,5,18
9,0,14
12,3,17
1,0,7
11,8,19
2,1,3
14,7,29
1,1,4
2,1,4
4,1,4
12,4,21
2,2,4
8,2,21
7,4,14
1,0,9
3,2,6
6,8,18
3,0,12
8,5,12
2,0,4
18,8,39
2,1,4
11,9,25
6,5,14
5,1,6
9,3,14
2,2,12
5,2,7
18,7,47
13,5,15
5,3,10
6,0,8
5,1,15
10,4,10
11,3,21
3,0,8
1,1,3
7,2,13
12,3,20
1,1,4
3,0,4
12,5,22
2,1,4
8,3,13
10,2,13
4,2,11
12,5,18
14,4,18
7,1,7
3,4,14
10,5,17
13,5,18
7,4,14
5,3,7
4,0,24
9,1,12
17,5,19
11,9,27
6,1,11
11,5,14
3,1,6
1,0,5
11,2,20
2,1,7
2,0,7
6,3,9
7,1,12
2,1,6
9,4,20
5,2,9
1,3,6
4,3,12
0,1,4
28,16,44
22,7,28
13,3,18
2,3,6
3,1,9
3,2,2
2,2,8
4,0,11
0,2,2
5,2,16
3,4,9
3,1,5
16,5,22
21,15,52
1,0,8
7,2,7
6,2,11
6,5,11
8,4,6
0,2,7
1,1,7
9,3,8
3,1,15
2,1,10
3,1,4
3,1,5
3,2,11
3,0,4
3,0,5
2,1,6
5,0,4
2,1,9
11,2,21
4,1,4
11,5,15
12,4,20
13,3,21
4,0,9
4,2,12
2,2,4
8,1,24
9,5,17
2,1,4
10,1,5
5,1,9
1,0,5
17,5,29
7,1,12
5,0,10
4,3,11
5,0,6
7,3,12
3,0,4
6,3,21
12,1,17
10,1,16
11,6,24
3,1,10
14,7,27
2,3,6
6,3,13
3,0,5
4,1,2
0,0,6
10,3,7
5,1,8
2,2,8
4,2,13
9,1,10
4,0,5
12,6,19
3,2,9
6,2,11
15,4,31
9,4,22
27,9,36
3,0,8
5,2,3
3,1,4
11,5,12
10,2,13
5,1,9
2,1,7
17,5,24
3,0,8
4,1,8
11,2,16
21,15,37
17,8,31
3,1,10
7,2,11
4,7,15
1,0,1
2,2,3
2,1,10
5,4,8
11,5,21
7,1,9
7,3,10
14,3,17
5,0,9
3,3,9
4,2,10
7,4,38
4,1,4
7,3,11
2,0,11
4,3,13
15,1,20
2,0,6
13,5,15
17,9,27
14,5,30
9,4,16
9,1,13
3,9,21
3,1,6
5,1,9
12,7,16
3,1,4
6,1,6
7,3,9
1,1,8
4,2,6
3,0,10
6,4,12
4,1,15
16,4,34
6,6,17
10,2,11
6,5,18
2,2,3
13,6,22
4,3,5
10,6,14
32,23,66
8,2,10
4,5,20
2,1,4
4,5,14
3,2,4
8,3,13
0,0,10
7,8,40
7,1,13
6,2,9
6,5,8
4,1,8
11,5,15
13,7,23
4,1,15
11,2,15
8,3,13
16,6,24
21,7,38
6,1,3
21,6,35
3,1,5
4,1,5
7,2,16
2,3,3
10,2,11
2,1,4
4,1,11
11,6,24
12,3,12
7,4,16
11,9,25
3,2,7
28,15,65
10,6,19
2,4,11
5,0,21
41,10,58
11,3,20
8,3,14
4,0,11
5,1,9
8,6,9
10,5,24
6,2,9
3,1,4
9,5,20
2,0,3
12,9,24
10,5,22
4,2,13
16,8,27
7,10,22
9,1,10
40,19,84
13,1,7
9,3,15
3,2,8
1,0,6
19,7,34
10,4,19
3,1,8
9,4,26
1,1,6
10,7,25
3,2,10
2,1,6
2,3,19
11,4,20
10,3,11
6,1,9
12,4,17
3,1,8
4,3,14
16,3,27
14,6,20
7,3,14
3,1,8
2,2,8
3,1,7
9,7,22
37,15,68
5,4,14
10,2,15
2,1,5
3,2,9
12,11,45
17,6,36
5,1,7
7,4,15
5,1,11
6,2,7
3,0,4
21,3,26
26,6,46
7,5,17
28,16,66
14,4,21
22,8,38
32,8,60
5,3,14
6,1,7
7,6,11
6,4,14
3,1,6
6,5,9
5,1,11
9,3,14
21,10,32
5,2,7
2,3,6
7,2,9
7,7,25
11,7,18
4,2,6
5,3,8
5,2,9
9,4,6
5,1,4
17,5,30
1,1,3
9,6,35
4,1,5
6,2,8
12,1,23
2,2,13
2,2,11
3,1,6
9,5,13
13,5,22
3,4,5
4,5,15
18,9,25
4,2,9
2,4,5
3,2,6
7,1,16
5,1,8
3,1,9
2,3,7
16,5,23
10,5,15
6,4,3
6,0,10
3,1,14
18,10,15
11,2,18
10,0,17
9,5,19
5,2,7
6,1,7
6,2,9
2,2,4
4,4,6
4,4,16
4,2,4
5,1,4
14,7,31
11,3,16
9,0,7
15,5,25
2,1,4
4,0,5
3,2,6
4,1,6
4,3,10
3,3,7
8,6,12
23,7,36
10,5,15
4,1,6
3,1,5
13,12,30
5,4,14
10,3,13
8,1,18
2,1,9
2,2,6
36,3,35
3,1,8
5,0,13
8,3,12
12,1,12
4,2,6
3,0,4
18,7,34
33,6,50
9,3,8
8,3,8
5,1,5
7,2,8
8,1,12
3,0,5
1,1,6
10,4,21
3,1,7
5,3,11
11,2,15
9,1,16
8,7,16
5,2,12
14,7,19
6,1,10
1,3,3
4,4,7
8,1,6
6,3,16
22,4,24
4,3,5
8,3,13
4,1,12
7,2,9
1,1,6
30,7,47
9,1,9
15,7,29
4,0,8
13,5,18
13,7,23
4,1,5
10,4,24
6,1,13
2,3,7
5,3,8
3,2,7
9,1,14
16,2,13
25,11,47
19,6,36
14,4,25
9,3,12
3,0,6
8,4,21
9,6,27
5,2,16
2,0,6
6,4,11
8,0,15
4,3,13
13,8,21
4,7,19
6,4,13
3,1,6
5,1,1
6,0,11
9,3,7
3,0,9
4,1,7
15,4,16
10,5,19
13,6,37
26,14,58
8,3,11
5,3,15
3,1,8
4,2,3
5,1,12
17,11,32
4,4,12
3,1,4
15,7,38
5,1,6
5,4,13
4,3,11
2,0,12
3,0,3
23,7,39
3,2,8
10,3,16
7,4,22
6,3,7
5,3,7
8,1,7
4,2,7
2,2,10
3,2,8
2,0,7
8,2,13
8,5,9
4,3,11
3,2,10
13,11,28
5,3,12
4,3,17
12,5,14
3,1,5
2,2,10
1,1,5
5,3,11
2,1,3
4,2,13
4,2,8
17,6,21
5,1,15
3,2,6
7,3,10
6,3,16
3,6,17
3,2,9
25,12,49
10,3,9
3,1,11
5,2,21
3,3,11
7,8,13
15,6,32
3,1,7
13,1,9
5,5,13
3,1,11
4,2,5
13,15,44
3,0,6
7,2,8
4,2,10
5,0,5
7,0,13
7,2,11
2,0,5
5,3,17
5,0,7
4,1,5
3,0,5
12,4,17
3,0,3
12,2,13
3,1,4
3,2,16
13,3,17
3,2,2
5,0,8
2,0,6
17,8,32
23,8,58
8,4,13
6,2,12
3,2,14
7,4,5
9,4,17
7,7,15
4,2,9
5,0,4
20,6,42
5,2,8
6,3,9
4,4,18
7,2,6
7,3,13
3,2,5
2,1,5
14,10,34
6,4,14
3,0,3
14,2,16
1,0,2
2,1,9
10,7,26
9,5,12
2,1,11
3,2,7
3,1,8
19,10,38
9,5,19
13,8,37
7,5,13
7,2,8
4,2,12
2,3,6
10,2,14
21,7,35
38,11,65
5,3,12
3,3,8
10,4,16
26,17,64
4,2,3
1,5,8
21,4,34
17,9,43
4,5,11
4,1,9
11,1,18
5,6,17
1,1,7
9,5,23
4,0,8
4,2,6
4,1,7
6,1,9
1,1,5
4,1,10
26,5,35
6,2,11
14,5,18
8,3,12
14,4,23
10,3,15
8,2,15
7,1,12
4,5,9
9,3,16
3,1,14
4,1,8
4,6,21
9,1,8
1,0,7
1,2,4
5,8,16
12,11,31
4,0,4
4,1,12
5,4,8
8,5,17
10,5,17
2,1,5
1,1,4
0,2,4
8,0,13
4,2,8
1,2,7
6,2,7
3,1,8
4,2,4
14,12,29
4,0,5
2,1,4
5,1,9
17,3,38
12,4,15
2,1,5
8,3,12
4,1,2
19,5,37
8,2,16
8,2,9
2,0,3
5,3,3
7,0,12
3,1,6
6,1,12
7,1,6
6,4,2
17,13,46
9,1,9
2,1,5
10,2,12
2,0,6
42,21,93
8,5,15
4,2,8
13,3,33
11,6,25
12,2,14
8,4,13
9,1,8
3,0,5
13,5,11
7,5,13
3,4,7
16,4,30
9,1,20
3,1,13
4,1,9
5,1,5
4,1,7
11,1,17
4,0,5
28,17,59
4,1,10
14,2,32
4,2,6
3,0,8
6,1,10
2,1,4
10,0,11
3,4,15
8,4,9
10,5,22
10,5,11
3,1,6
3,1,3
1,4,11
1,1,6
3,2,10
5,1,17
5,1,5
15,3,29
8,2,14
5,2,7
5,1,6
3,0,4
11,4,18
13,5,23
7,4,6
4,1,13
4,1,6
6,2,13
9,2,16
5,3,11
1,3,10
6,0,10
3,2,11
12,4,15
11,5,32
5,0,10
10,4,18
11,2,17
2,1,13
20,6,24
8,3,12
9,2,23
14,0,17
15,6,19
6,0,11
5,1,6
2,6,9
25,11,54
4,4,9
4,4,13
7,3,15
7,3,15
9,7,29
11,3,19
10,1,19
7,4,17
6,2,9
3,2,7
4,4,8
7,5,17
15,3,18
6,3,12
4,2,7
11,4,23
5,1,11
15,7,30
3,1,3
27,8,40
10,5,15
9,0,10
33,10,64
3,2,8
9,8,26
28,10,65
11,3,16
6,1,9
4,3,9
4,1,6
13,5,27
6,5,24
9,4,18
11,3,19
5,1,14
11,6,24
3,1,6
12,0,13
13,2,21
21,7,45
6,2,7
9,1,11
6,3,10
1,2,10
2,3,9
3,3,7
5,3,13
7,1,24
5,1,10
5,4,21
12,5,24
4,1,8
2,1,5
30,9,69
33,17,95
13,7,28
6,2,4
13,5,23
8,3,13
5,0,5
6,1,8
10,9,15
7,1,11
4,6,15
0,2,4
3,4,11
3,0,5
3,4,13
10,7,15
10,2,10
4,2,9
4,0,6
4,3,14
20,7,26
15,7,31
9,6,24
11,1,14
3,1,3
6,6,19
14,10,35
3,1,5
9,3,8
3,1,8
5,2,5
8,9,14
8,7,19
4,2,9
4,1,5
3,1,5
4,3,14
23,7,39
3,1,8
2,2,5
1,0,5
13,8,29
3,4,4
5,5,10
7,3,15
9,2,12
4,2,4
5,3,10
10,4,20
12,4,16
40,22,79
15,9,48
12,2,12
17,7,36
16,8,26
5,2,7
20,9,32
4,1,7
2,2,9
3,2,2
7,6,23
4,1,7
6,1,7
14,2,27
14,1,23
3,1,15
5,7,30
1,1,8
5,2,12
5,0,5
5,1,7
1,3,6
0,1,6
12,4,26
4,1,7
3,2,8
9,5,15
34,11,67
1,2,2
11,2,13
4,5,9
11,2,24
0,0,0
2,2,7
13,2,28
6,3,9
1,4,7
13,6,40
6,2,8
2,4,7
10,5,21
5,2,7
11,5,11
10,4,26
5,0,4
6,2,8
9,6,24
2,1,5
1,1,4
10,4,14
6,0,5
8,3,15
1,2,5
7,3,10
5,1,6
2,1,3
10,1,14
9,5,19
2,1,7
12,6,20
16,6,19
14,5,23
2,1,6
4,2,7
9,4,15
6,10,10
10,4,22
4,1,6
0,0,1
5,2,19
8,1,20
6,5,16
57,26,101
9,4,13
14,3,11
6,0,9
7,4,11
24,14,79
7,4,14
9,0,20
3,0,6
3,2,7
4,0,4
4,0,5
6,5,13
3,3,22
6,4,12
4,1,11
3,1,5
1,0,4
8,4,9
1,2,8
3,3,6
7,2,12
4,8,10
7,2,8
31,7,67
11,3,25
4,2,20
6,4,11
3,1,3
6,3,9
1,1,13
15,3,29
15,5,19
6,3,16
3,3,8
11,6,18
11,2,14
2,1,7
18,10,34
4,2,9
6,1,13
19,10,53
7,3,11
4,2,18
26,12,53
0,0,5
12,3,20
8,2,14
12,1,17
7,6,16
5,2,9
13,2,15
6,3,16
5,3,8
3,4,8
4,1,5
1,1,11
5,4,15
10,0,28
5,1,5
4,3,9
6,4,11
5,2,9
2,0,4
20,12,40
11,10,17
12,5,29
5,2,9
3,6,19
3,1,8
11,1,15
6,9,16
3,0,10
2,0,5
8,3,9
3,1,12
5,3,11
5,3,13
1,1,5
4,1,11
5,0,9
2,1,3
1,3,3
3,0,2
7,1,16
1,0,6
6,3,8
7,5,21
9,4,19
2,0,9
3,1,2
2,1,5
4,4,11
7,0,9
12,8,23
17,7,23
5,2,6
5,3,11
4,2,9
2,0,4
1,0,8
14,5,17
10,3,10
4,4,7
4,0,3
10,4,24
13,13,32
2,1,6
0,1,7
3,3,12
6,3,10
13,6,17
6,1,9
8,4,14
10,4,22
2,0,7
6,2,14
5,1,10
5,2,13
4,5,21
20,12,33
5,8,15
6,5,18
2,2,8
6,8,14
8,4,19
11,10,27
1,1,6
12,7,34
6,0,18
3,1,7
4,2,10
0,1,8
10,6,18
13,4,18
1,1,2
14,3,13
5,3,12
6,1,13
8,4,19
2,1,4
1,2,5
2,2,3
12,9,23
8,8,24
3,2,10
2,1,3
2,1,5
11,6,29
10,2,23
5,0,11
3,1,10
4,3,11
15,4,24
31,14,90
15,4,25
8,4,13
11,4,10
3,5,18
1,2,3
4,2,4
17,7,16
12,5,27
1,1,5
1,1,3
6,3,10
4,4,9
19,15,53
3,1,6
7,3,25
10,3,7
6,2,7
2,2,5
5,5,11
7,1,8
7,2,14
2,1,3
1,4,10
3,0,8
25,11,43
7,4,12
4,1,6
1,0,3
2,0,5
4,3,22
6,1,15
7,0,15
45,16,73
9,4,12
6,5,14
20,10,38
26,7,31
11,3,7
3,0,5
0,0,6
5,6,10
14,8,19
10,7,14
4,0,12
3,0,8
14,4,19
3,4,13
4,5,12
7,2,16
3,2,9
6,3,7
3,0,5
9,3,13
3,1,6
3,0,3
13,7,20
5,3,15
9,8,22
8,3,22
2,1,3
8,3,17
15,4,13
6,2,15
5,2,14
9,2,13
2,1,3
2,1,8
10,7,11
1,0,3
2,1,3
2,2,7
14,8,38
21,11,40
45,14,78
9,5,25
10,4,17
1,1,5
26,19,92
2,5,6
24,7,43
4,5,15
14,7,23
2,1,11
17,9,28
10,7,18
12,5,20
20,9,36
4,2,5
2,0,4
2,0,7
6,6,33
10,7,20
6,1,5
4,6,8
3,1,3
40,21,130
3,0,7
8,4,17
3,2,7
1,4,7
1,1,6
1,1,0
11,8,30
8,1,7
3,0,3
17,5,36
8,5,16
7,6,18
5,0,6
14,8,25
7,4,13
5,0,7
1,1,6
6,0,14
9,10,18
5,2,3
6,4,14
1,1,4
3,2,7
8,3,7
24,18,48
3,2,8
4,1,6
7,4,9
8,3,14
8,4,23
3,2,9
5,2,9
15,8,28
5,0,8
7,6,11
2,0,5
11,6,23
1,0,1
20,5,24
3,2,8
1,2,7
2,0,5
4,1,8
6,3,24
4,2,9
3,1,3
3,0,3
1,1,6
7,2,13
8,1,9
2,2,11
7,4,14
8,6,15
11,9,24
23,11,46
32,15,74
2,4,9
16,8,22
2,2,3
1,2,8
8,6,20
5,4,10
5,1,5
4,2,11
6,2,14
4,2,9
8,1,16
3,2,3
2,0,4
11,3,10
4,3,9
6,1,11
7,3,11
7,2,12
8,7,21
14,4,18
5,2,12
6,2,13
2,2,13
1,1,3
5,9,28
16,2,27
9,4,24
4,2,10
5,2,11
3,5,10
9,1,16
5,0,5
21,12,42
9,5,10
7,5,29
7,1,6
1,0,7
4,1,10
3,0,3
3,2,11
4,1,7
2,4,18
5,3,8
10,7,18
16,7,23
11,6,42
1,3,8
15,8,31
17,7,20
11,1,10
2,2,3
48,19,78
6,6,17
4,1,3
29,18,82
3,2,6
10,2,17
2,1,4
13,6,20
4,4,12
1,2,7
4,11,30
7,0,12
3,3,6
3,2,10
7,3,13
2,1,15
10,6,12
5,2,8
7,3,10
5,0,14
3,3,11
16,8,20
17,3,28
5,4,11
0,1,2
1,0,6
12,6,24
4,1,8
3,1,3
2,1,9
3,2,11
9,3,23
3,0,4
3,6,13
4,5,17
24,16,60
9,3,22
1,0,1
3,2,9
8,2,21
1,0,3
5,2,8
2,1,5
7,3,21
19,6,40
10,0,17
8,4,17
13,8,27
7,2,12
11,3,23
1,0,6
2,2,10
15,5,14
12,2,15
4,0,4
11,4,26
3,1,7
1,1,4
16,3,14
18,6,36
10,6,13
10,8,20
14,10,24
10,4,31
2,1,2
2,2,7
11,8,26
3,3,10
13,9,34
4,1,9
4,4,11
18,3,19
3,1,7
25,9,51
9,3,11
15,5,19
7,2,9
6,7,15
8,4,10
11,14,29
6,3,6
7,2,9
7,5,16
1,2,12
0,2,6
4,2,5
22,11,44
2,2,8
5,0,4
7,3,16
5,1,12
4,0,10
4,1,9
5,3,5
11,2,12
6,1,4
4,1,8
6,3,9
1,2,4
35,13,71
3,1,7
8,5,22
3,1,5
20,16,47
7,3,24
3,2,13
4,4,11
1,0,2
8,3,15
12,6,21
4,6,18
12,5,37
33,13,59
15,4,20
43,16,70
1,0,1
6,1,9
6,2,11
4,0,4
10,5,20
11,7,18
7,3,28
4,0,2
4,0,9
25,15,59
9,4,19
1,1,3
11,6,27
13,7,27
12,4,16
13,5,22
5,3,9
76,36,153
2,1,7
2,2,8
1,1,3
6,2,7
3,0,5
6,1,10
10,3,20
5,3,10
12,4,31
4,1,2
14,9,31
10,5,29
7,1,17
2,0,6
24,15,38
6,2,13
5,1,4
2,1,9
2,0,6
26,5,37
9,5,22
5,4,15
2,1,5
6,6,26
6,4,19
5,2,10
7,4,22
15,2,25
3,2,6
8,6,5
6,3,11
5,3,7
7,3,12
3,2,5
6,2,7
5,1,6
11,3,14
12,4,19
19,4,32
7,3,13
3,1,4
9,2,13
45,14,80
21,2,38
5,4,14
4,5,16
12,2,17
6,4,18
26,1,26
26,14,61
13,9,27
10,5,25
7,1,14
7,0,15
18,5,34
5,2,9
3,1,5
6,0,12
3,0,10
12,2,10
5,4,11
11,1,21
28,10,45
6,2,6
1,0,6
4,0,8
5,2,8
18,5,26
7,2,22
8,6,22
5,4,14
3,1,4
7,4,10
4,2,6
6,0,21
6,4,16
2,0,8
8,3,7
7,3,11
3,0,2
9,8,22
7,3,15
4,0,3
6,6,6
4,1,10
21,18,37
5,0,11
6,2,14
12,6,24
3,0,8
5,2,15
12,3,13
4,1,3
17,4,25
8,5,6
3,3,14
10,4,15
1,0,4
15,3,21
2,0,2
7,3,12
8,5,15
3,2,8
4,1,8
5,1,9
2,2,3
6,3,14
2,2,5
1,2,5
6,3,12
5,2,10
5,4,5
1,1,5
6,0,5
5,2,9
7,4,17
9,3,17
2,4,6
4,0,5
12,5,24
8,2,9
6,3,18
2,1,7
3,0,6
6,1,14
2,0,1
4,4,11
9,5,15
3,3,12
15,8,37
6,7,13
24,11,33
4,1,3
3,2,2
11,5,18
4,0,7
2,3,12
14,4,10
9,1,14
2,1,4
1,1,5
7,1,13
3,3,11
5,1,6
10,4,33
8,0,7
3,1,5
6,12,25
8,1,9
8,1,9
8,1,15
1,2,7
2,0,2
9,3,17
7,2,11
6,0,11
1,1,6
2,1,5
6,4,15
4,3,16
12,3,24
9,2,14
4,2,7
8,4,19
7,3,15
4,0,9
6,4,13
4,4,11
18,7,37
16,10,35
11,1,18
25,6,29
3,2,4
3,2,10
4,2,9
9,3,15
5,2,15
3,0,4
3,1,5
3,0,3
11,7,19
20,5,32
3,3,12
8,1,11
1,1,3
16,8,26
9,3,13
8,6,25
11,2,16
10,8,20
2,2,9
4,3,9
1,0,3
5,1,15
4,2,7
16,7,32
13,5,31
3,0,6
12,4,20
10,3,18
0,3,2
7,6,14
4,2,12
6,4,5
12,3,11
5,4,13
0,0,9
3,5,16
8,1,13
2,0,7
2,1,5
7,1,4
25,20,47
10,5,32
7,1,5
15,6,16
1,1,7
3,3,7
6,4,9
13,4,18
3,1,3
8,4,14
2,2,6
18,8,39
5,2,8
4,2,13
7,4,12
10,1,17
3,4,7
4,3,7
24,5,31
9,5,21
12,1,21
7,5,17
15,13,33
0,1,3
3,2,9
0,1,4
4,3,7
1,0,5
6,5,24
1,2,6
2,1,5
19,7,37
5,3,14
4,1,8
5,0,6
4,0,2
1,2,3
17,5,25
10,6,24
1,0,4
3,3,3
9,3,8
14,9,31
7,2,8
20,9,27
4,0,1
6,2,13
17,6,33
17,2,29
8,4,20
6,2,3
6,1,14
2,1,5
15,3,16
1,0,6
18,6,22
8,6,14
9,6,19
4,2,10
4,1,2
0,2,4
16,4,23
2,0,9
18,5,28
6,2,10
5,3,10
5,2,6
32,9,58
1,0,1
9,2,20
6,2,10
8,0,12
7,1,9
4,1,10
1,0,2
6,2,10
5,1,12
4,3,6
7,6,21
2,0,7
6,0,9
12,7,17
17,3,24
1,1,6
2,1,7
5,0,4
7,2,12
12,11,25
14,6,36
9,4,23
3,3,10
4,1,8
3,3,6
3,0,2
8,4,17
13,8,24
0,0,10
6,4,16
2,3,9
15,5,26
3,1,5
2,0,4
0,1,2
14,2,13
14,2,13
9,1,8
5,3,11
27,11,67
22,9,31
1,1,2
9,1,18
3,0,5
11,4,15
4,1,9
6,3,11
7,6,16
5,3,17
10,2,30
23,10,34
6,2,19
2,1,6
25,8,38
17,8,43
10,7,34
1,2,5
8,4,15
7,1,12
5,3,8
6,3,14
6,3,8
4,0,4
4,5,10
10,5,22
22,6,21
14,5,29
26,14,45
7,1,10
9,3,16
11,7,31
10,2,21
13,7,27
2,1,5
33,15,83
4,1,7
7,2,5
6,5,12
9,3,18
3,1,16
3,4,12
6,3,17
1,2,2
8,1,14
6,6,18
87,35,166
5,0,6
2,2,7
2,1,7
5,4,12
7,5,15
2,1,4
9,3,23
4,3,9
10,2,24
5,1,8
7,1,9
5,2,12
4,2,9
4,3,11
3,0,11
11,5,29
2,0,4
1,3,11
12,4,25
7,1,8
4,3,13
5,0,10
10,6,21
3,2,11
20,9,42
12,7,22
5,2,12
49,8,63
9,6,13
10,5,16
1,0,1
5,2,5
12,10,20
2,1,7
18,9,34
13,9,21
13,8,28
3,1,6
6,2,6
3,3,17
9,5,20
4,0,14
8,2,6
6,1,4
1,0,1
4,2,9
7,0,7
3,2,5
30,9,45
4,6,12
2,3,6
1,0,2
15,7,27
1,0,7
6,4,7
5,0,7
3,0,5
8,8,23
2,1,3
5,1,7
1,1,2
27,11,58
5,0,6
8,4,21
20,12,27
4,2,8
7,1,5
14,4,14
2,3,7
10,4,20
3,2,11
4,2,6
1,1,11
12,4,20
12,5,24
4,6,11
3,1,7
8,4,11
2,0,6
3,1,4
4,2,4
28,9,50
5,2,10
2,2,8
4,3,12
2,3,9
10,2,16
10,2,14
41,10,77
7,3,11
5,0,13
7,0,3
6,0,6
7,6,22
11,6,25
3,5,10
0,1,4
12,5,23
5,4,11
8,3,13
4,2,8
6,3,11
4,1,7
18,7,16
4,2,10
0,1,2
5,2,7
6,7,21
3,3,19
3,1,4
16,6,17
9,1,13
2,1,6
6,4,11
4,2,6
1,3,9
1,1,6
5,1,10
7,3,7
7,4,17
5,1,13
5,3,5
5,2,6
4,2,10
3,1,5
17,4,29
2,0,6
13,8,32
17,2,17
5,7,21
4,4,9
3,1,10
12,4,17
12,3,17
8,5,22
11,10,22
21,7,34
6,1,8
5,4,8
12,5,32
14,4,16
10,5,23
13,10,33
6,0,9
4,5,16
4,3,9
22,1,36
12,3,15
2,3,13
3,6,9
2,2,6
4,3,10
19,6,26
0,1,4
6,3,13
50,26,128
25,7,33
2,2,9
8,5,15
13,2,18
8,4,25
5,4,7
13,10,26
13,7,27
11,5,31
15,6,29
10,2,13
5,1,9
12,8,20
7,3,14
13,7,20
20,7,35
